Manufacturer,Model,Variant,Ex-Showroom Price(Rs),Drivetrain,Cylinders,Body_Type,Type,Fuel_Type,Seating_Capacity
Tata,Nano Genx,Xt,292667,RWD ,2,Hatchback,Manual,Petrol,4
Tata,Nano Genx,Xe,236447,RWD ,2,Hatchback,Manual,Petrol,4
Tata,Nano Genx,Emax Xm,296661,RWD ,2,Hatchback,Manual,CNG,4
Tata,Nano Genx,Xta,334768,RWD ,2,Hatchback,Automatic,Petrol,4
Tata,Nano Genx,Xm,272223,RWD ,2,Hatchback,Manual,Petrol,4
Tata,Nano Genx,Xma,314815,RWD ,2,Hatchback,Automatic,Petrol,4
Datsun,Redi-Go,D,279650,FWD,3,Hatchback,Manual,Petrol,5
Datsun,Redi-Go,T,351832,FWD,3,Hatchback,Manual,Petrol,5
Datsun,Redi-Go,A,333419,FWD,3,Hatchback,Manual,Petrol,5
Datsun,Redi-Go,S,362000,FWD ,3,Hatchback,Manual,Petrol,5
Datsun,Redi-Go,1.0 S,390000,FWD ,3,Hatchback,Manual,Petrol,5
Datsun,Redi-Go,1.0 S Amt,437065,FWD ,3,Hatchback,Automatic,Petrol,5
Renault,Kwid,Rxe 0.8,353290,FWD ,3,Hatchback,Manual,Petrol,5
Renault,Kwid,Std 0.8,283290,FWD ,3,Hatchback,Manual,Petrol,5
Renault,Kwid,Rxl 0.8,383290,FWD ,3,Hatchback,Manual,Petrol,5
Renault,Kwid,Rxt 0.8,413290,FWD ,3,Hatchback,Manual,Petrol,5
Renault,Kwid,Rxt 1.0,433290,FWD ,3,Hatchback,Manual,Petrol,5
Renault,Kwid,Climber 1.0 Mt,454490,FWD ,3,Hatchback,Manual,Petrol,5
Renault,Kwid,Rxt Amt 1.0,463290,FWD ,3,Hatchback,Automatic,Petrol,5
Renault,Kwid,Climber Amt 1.0,484490,FWD ,3,Hatchback,Automatic,Petrol,5
Renault,Kwid,Rxt (O) 1.0,440990,FWD ,3,Hatchback,Manual,Petrol,5
Renault,Kwid,Rxt (O) Amt 1.0,470990,FWD ,3,Hatchback,Automatic,Petrol,5
Renault,Kwid,Climber (O) Mt 1.0,462190,FWD ,3,Hatchback,Manual,Petrol,5
Renault,Kwid,Climber (O) Amt 1.0,492190,FWD ,3,Hatchback,Automatic,Petrol,5
MarutiSuzuki,Eeco,5 Str,352136,RWD ,4,MPV,Manual,Petrol,5
MarutiSuzuki,Eeco,7 Str,380573,FWD ,4,MPV,Manual,Petrol,7
MarutiSuzuki,Eeco,5 Str With Ac+Htr,392967,RWD ,4,MPV,Manual,Petrol,5
MarutiSuzuki,Eeco,5 Str With Ac+Htr Cng,466057,RWD ,4,MPV,Manual,CNG,5
MarutiSuzuki,Eeco,5 Str With Htr Cng,425255,RWD ,4,MPV,Manual,CNG,5
MarutiSuzuki,Alto K10,Lxi,377588,FWD ,3,Hatchback,Manual,Petrol,5
MarutiSuzuki,Alto K10,Vxi,394036,FWD ,3,Hatchback,Manual,Petrol,5
MarutiSuzuki,Alto K10,Lx,360843,FWD ,3,Hatchback,Manual,Petrol,5
MarutiSuzuki,Alto K10,Vxi (O),407238,FWD ,3,Hatchback,Manual,Petrol,5
MarutiSuzuki,Alto K10,Lxi Cng (O),439777,FWD ,3,Hatchback,Manual,CNG,5
MarutiSuzuki,Alto K10,Vxi Amt (O),438559,FWD ,3,Hatchback,Automatic,Petrol,5
Datsun,Go,D,374990,FWD ,3,Hatchback,Manual,Petrol,5
Datsun,Go,T,468229,FWD ,3,Hatchback,Manual,Petrol,5
Datsun,Go,T (O),502492,FWD ,3,Hatchback,Manual,Petrol,5
Datsun,Go,A (O),499990,FWD ,3,Hatchback,Manual,Petrol,5
Datsun,Go,A,469990,FWD ,3,Hatchback,Manual,Petrol,5
Datsun,Go,T Vdc,528464,FWD ,3,Hatchback,Manual,Petrol,5
Datsun,Go,T (O) Vdc,553015,FWD ,3,Hatchback,Manual,Petrol,5
Datsun,Go,T Cvt,594464,FWD ,3,Hatchback,Manual,Petrol,5
Datsun,Go,T (O) Cvt,618015,FWD ,3,Hatchback,Manual,Petrol,5
MarutiSuzuki,Celerio Tour,H2,422444,FWD ,3,Hatchback,Manual,Petrol,5
MarutiSuzuki,Celerio Tour,H2 Cng,480670,FWD ,3,Hatchback,Manual,CNG,5
Hyundai,Santro,Era Mt,429990,FWD ,4,Hatchback,Manual,Petrol,5
Hyundai,Santro,Magna Mt,503990,FWD ,4,Hatchback,Manual,Petrol,5
Hyundai,Santro,Magna Mt Cng,547990,FWD ,4,Hatchback,Manual,CNG,5
Hyundai,Santro,Magna Amt,530990,FWD ,4,Hatchback,AMT,Petrol,5
Hyundai,Santro,Sportz Mt,512990,FWD ,4,Hatchback,Manual,Petrol,5
Hyundai,Santro,Sportz Mt Cng,578990,FWD ,4,Hatchback,Manual,CNG,5
Hyundai,Santro,Sportz Amt,570990,FWD ,4,Hatchback,AMT,Petrol,5
Hyundai,Santro,Asta Mt,556490,FWD ,4,Hatchback,Manual,Petrol,5
Tata,Tiago,Revotron Xe,460000,FWD ,3,Hatchback,Manual,Petrol,5
Tata,Tiago,Revotron Xt,520000,FWD ,3,Hatchback,Manual,Petrol,5
Tata,Tiago,Revotron Xz,570000,FWD ,3,Hatchback,Manual,Petrol,5
Tata,Tiago,Revotron Xz Plus,599000,FWD ,3,Hatchback,Manual,Petrol,5
Tata,Tiago,Revotron Xz Plus Dual Tone,610000,FWD ,3,Hatchback,Manual,Petrol,5
Tata,Tiago,Revotron Xza,620000,FWD ,3,Hatchback,AMT,Petrol,5
Tata,Tiago,Revotron Xza Plus,649000,FWD ,3,Hatchback,AMT,Petrol,5
Tata,Tiago,Revotron Xza Plus Dual Tone,660000,FWD ,3,Hatchback,AMT,Petrol,5
MarutiSuzuki,Celerio X,Vxi (O),481074,FWD ,3,Hatchback,Manual,Petrol,5
MarutiSuzuki,Celerio X,Vxi,475198,FWD ,3,Hatchback,Manual,Petrol,5
MarutiSuzuki,Celerio X,Vxi Amt,518198,FWD ,3,Hatchback,Automatic,Petrol,5
MarutiSuzuki,Celerio X,Vxi Amt (O),524074,FWD ,3,Hatchback,Automatic,Petrol,5
MarutiSuzuki,Celerio X,Zxi,499734,FWD ,3,Hatchback,Manual,Petrol,5
MarutiSuzuki,Celerio X,Zxi (O),540350,FWD ,3,Hatchback,Manual,Petrol,5
MarutiSuzuki,Celerio X,Zxi Amt,542735,FWD ,3,Hatchback,Automatic,Petrol,5
MarutiSuzuki,Celerio X,Zxi Amt (O),552350,FWD ,3,Hatchback,Automatic,Petrol,5
MarutiSuzuki,Ignis,Alpha 1.2 Amt,713898,FWD ,4,Hatchback,AMT,Petrol,5
MarutiSuzuki,Ignis,Alpha 1.2 Mt,666898,FWD ,4,Hatchback,Manual,Petrol,5
MarutiSuzuki,Ignis,Delta 1.2 Amt,607841,FWD ,4,Hatchback,AMT,Petrol,5
MarutiSuzuki,Ignis,Delta 1.2 Mt,560841,FWD ,4,Hatchback,Manual,Petrol,5
MarutiSuzuki,Ignis,Sigma 1.2 Mt,483320,FWD ,4,Hatchback,Manual,Petrol,5
MarutiSuzuki,Ignis,Zeta 1.2 Amt,630320,FWD ,4,Hatchback,AMT,Petrol,5
MarutiSuzuki,Ignis,Zeta 1.2 Mt,583320,FWD ,4,Hatchback,Manual,Petrol,5
Renault,Triber,Rxe,495000,FWD ,3,MUV,Manual,Petrol,7
Renault,Triber,Rxl,559000,FWD ,3,MUV,Manual,Petrol,7
Renault,Triber,Rxt,609000,FWD ,3,MUV,Manual,Petrol,7
Renault,Triber,Rxz,663000,FWD ,3,MUV,Manual,Petrol,7
Toyota,Etios Liva,G,520300,FWD ,4,Hatchback,Manual,Petrol,5
Toyota,Etios Liva,V,581000,FWD ,4,Hatchback,Manual,Petrol,5
Toyota,Etios Liva,Gd,647800,FWD ,4,Hatchback,Manual,Diesel,5
Toyota,Etios Liva,Vx,630000,FWD ,4,Hatchback,Manual,Petrol,5
Toyota,Etios Liva,Vxd,745000,FWD ,4,Hatchback,Manual,Diesel,5
Toyota,Etios Liva,Vd,704000,FWD ,4,Hatchback,Manual,Diesel,5
Toyota,Etios Liva,Dual Tone V,597700,FWD ,4,Hatchback,Manual,Petrol,5
Toyota,Etios Liva,Dual Tone Vd,720700,FWD ,4,Hatchback,Manual,Diesel,5
Toyota,Etios Liva,Dual Tone Vx,641700,FWD ,4,Hatchback,Manual,Petrol,5
Toyota,Etios Liva,Dual Tone Vxd,756700,FWD ,4,Hatchback,Manual,Diesel,5
Toyota,Etios Liva,Gx,558400,FWD ,4,Hatchback,Manual,Petrol,5
Toyota,Etios Liva,Gxd,686000,FWD ,4,Hatchback,Manual,Diesel,5
Toyota,Etios Liva,Vx Dual Tone Limited Edition,662700,FWD ,4,Hatchback,Manual,Petrol,5
Toyota,Etios Liva,Vxd Dual Tone Limited Edition,777700,FWD ,4,Hatchback,Manual,Diesel,5
Nissan,Micra Active,Xl,525021,FWD ,3,Hatchback,Manual,Petrol,5
Nissan,Micra Active,Xv,599950,FWD ,3,Hatchback,Manual,Petrol,5
Nissan,Micra Active,Xl (O),563133,FWD ,3,Hatchback,Manual,Petrol,5
Tata,Bolt,Xt Diesel,787980,FWD ,4,Hatchback,Manual,Diesel,5
Tata,Bolt,Xe Diesel,661111,FWD ,4,Hatchback,Manual,Diesel,5
Tata,Bolt,Xm Diesel,693798,FWD ,4,Hatchback,Manual,Diesel,5
Tata,Bolt,Xms Diesel,719661,FWD ,4,Hatchback,Manual,Diesel,5
Tata,Bolt,Xt Petrol,674960,FWD ,4,Hatchback,Manual,Petrol,5
Tata,Bolt,Xe Petrol,529035,FWD ,4,Hatchback,Manual,Petrol,5
Tata,Bolt,Xm Petrol,590268,FWD ,4,Hatchback,Manual,Petrol,5
Tata,Bolt,Xms Petrol,614515,FWD ,4,Hatchback,Manual,Petrol,5
Hyundai,Xcent Prime,Cng T + (Cng +,556130,FWD ,4,Sedan,Manual,CNG_Petrol,5
Hyundai,Xcent Prime,T,536859,FWD ,4,Sedan,Manual,Petrol,5
Hyundai,Xcent Prime,T+,556130,FWD ,4,Sedan,Manual,Petrol,5
Hyundai,Xcent Prime,Cng T (Cng +,536859,FWD ,4,Sedan,Manual,CNG_Petrol,5
Hyundai,Xcent Prime,T+ Crdi,639616,FWD ,4,Sedan,Manual,Diesel,5
Hyundai,Xcent Prime,T Crdi,620297,FWD ,4,Sedan,Manual,Diesel,5
MarutiSuzuki,Dzire Tour,Ldi,653523,FWD ,4,Sedan,Manual,Diesel,5
MarutiSuzuki,Dzire Tour,Lxi,553423,FWD ,4,Sedan,Manual,Petrol,5
MarutiSuzuki,Dzire Tour,Lxi Cng,598940,FWD ,4,Sedan,Manual,CNG,5
Hyundai,Elite I20,Era 1.2,559693,FWD ,4,Hatchback,Manual,Petrol,5
Hyundai,Elite I20,Era 1.4 Crdi,697803,FWD ,4,Hatchback,Manual,Diesel,5
Hyundai,Elite I20,Magna Plus,634950,FWD ,4,Hatchback,Manual,Petrol,5
Hyundai,Elite I20,Magna Plus Crdi,770803,FWD ,4,Hatchback,Manual,Diesel,5
Hyundai,Elite I20,Sportz Plus,721693,FWD ,4,Hatchback,Manual,Petrol,5
Hyundai,Elite I20,Sportz Plus Crdi Dual Tone,876103,FWD ,4,Hatchback,Manual,Diesel,5
Hyundai,Elite I20,Asta (O) 1.2,808993,FWD ,4,Hatchback,Manual,Petrol,5
Hyundai,Elite I20,Asta (O) Crdi,934003,FWD ,4,Hatchback,Manual,Diesel,5
Hyundai,Elite I20,Asta (O) Cvt,920993,FWD ,4,Hatchback,Automatic,Petrol,5
Hyundai,Elite I20,Sportz Plus Dual Tone,751693,FWD ,4,Hatchback,Manual,Petrol,5
Hyundai,Elite I20,Sportz Plus Cvt,831693,FWD ,4,Hatchback,Manual,Petrol,5
Hyundai,Elite I20,Sportz Plus Crdi,846103,FWD ,4,Hatchback,Manual,Diesel,5
Hyundai,Aura,E 1.2 Petrol,579900,FWD ,4,Sedan,Manual,Petrol,5
Hyundai,Aura,S 1.2 Petrol,655900,FWD ,4,Sedan,Manual,Petrol,5
Hyundai,Aura,S 1.2 Amt Petrol,705800,FWD ,4,Sedan,Automatic,Petrol,5
Hyundai,Aura,Sx 1.2 Petrol,729900,FWD ,4,Sedan,Manual,Petrol,5
Hyundai,Aura,Sx Plus 1.2 Amt Petrol,804800,FWD ,4,Sedan,Automatic,Petrol,5
Hyundai,Aura,Sx (O) 1.2 Petrol,785900,FWD ,4,Sedan,Manual,Petrol,5
Hyundai,Aura,S 1.2 Cng Petrol (Cng +,728900,FWD ,4,Sedan,Manual,CNG_Petrol,5
Hyundai,Aura,Sx Plus 1.0 Petrol,854900,FWD ,4,Sedan,Manual,Petrol,5
Hyundai,Aura,S 1.2 Diesel,773800,FWD ,4,Sedan,Manual,Diesel,5
Hyundai,Aura,S 1.2 Amt Diesel,823700,FWD ,4,Sedan,Automatic,Diesel,5
Hyundai,Aura,Sx Plus 1.2 Amt Diesel,922700,FWD ,4,Sedan,Automatic,Diesel,5
Hyundai,Aura,Sx (O) 1.2 Diesel,903800,FWD ,4,Sedan,Manual,Diesel,5
Volkswagen,Polo,Trendline 1.0L (P),582000,FWD ,3,Hatchback,Manual,Petrol,5
Volkswagen,Polo,Comfortline 1.0 (P),676500,FWD ,3,Hatchback,Manual,Petrol,5
Volkswagen,Polo,Highline Plus 1.0 (P),776500,FWD ,3,Hatchback,Manual,Petrol,5
Volkswagen,Polo,Trendline 1.5L (D),734500,FWD ,4,Hatchback,Manual,Diesel,5
Volkswagen,Polo,Comfortline 1.5 (D),851500,FWD ,4,Hatchback,Manual,Diesel,5
Volkswagen,Polo,Highline Plus 1.5 (D),931500,FWD ,4,Hatchback,Manual,Diesel,5
Volkswagen,Polo,Gt Tsi,976000,FWD ,4,Hatchback,Automatic,Petrol,5
Volkswagen,Polo,Gt Tdi,988500,FWD ,4,Hatchback,Manual,Diesel,5
MarutiSuzuki,Dzire,Lxi,582613,FWD ,4,Sedan,Manual,Petrol,5
MarutiSuzuki,Dzire,Vxi,673112,FWD ,4,Sedan,Manual,Petrol,5
MarutiSuzuki,Dzire,Ldi,666622,FWD ,4,Sedan,Manual,Diesel,5
MarutiSuzuki,Dzire,Zxi,732113,FWD ,4,Sedan,Manual,Petrol,5
MarutiSuzuki,Dzire,Vdi,757622,FWD ,4,Sedan,Manual,Diesel,5
MarutiSuzuki,Dzire,Vxi Amt,720112,FWD ,4,Sedan,Automatic,Petrol,5
MarutiSuzuki,Dzire,Zdi Amt,863122,FWD ,4,Sedan,Automatic,Diesel,5
MarutiSuzuki,Dzire,Zdi,816622,FWD ,4,Sedan,Manual,Diesel,5
MarutiSuzuki,Dzire,Zxi Plus,821613,FWD ,4,Sedan,Manual,Petrol,5
MarutiSuzuki,Dzire,Zxi At,779113,FWD ,4,Sedan,Automatic,Petrol,5
MarutiSuzuki,Dzire,Zxi Plus Amt,868613,FWD ,4,Sedan,Automatic,Petrol,5
MarutiSuzuki,Dzire,Zdi Plus,906122,FWD ,4,Sedan,Manual,Diesel,5
MarutiSuzuki,Dzire,Vdi Amt,804622,FWD ,4,Sedan,Automatic,Diesel,5
MarutiSuzuki,Dzire,Zdi Plus Amt,952622,FWD ,4,Sedan,Automatic,Diesel,5
Ford,Freestyle,1.5L Tdci Ambiente,676400,FWD ,4,Crossover,Manual,Diesel,5
Ford,Freestyle,1.5L Tdci Titanium,790900,FWD ,4,Hatchback,Manual,Diesel,5
Ford,Freestyle,1.5L Tdci Titanium Plus,836400,FWD ,4,Hatchback,Manual,Diesel,5
Ford,Freestyle,1.2L Ti-Vct Ambiente,591400,FWD ,3,Hatchback,Manual,Petrol,5
Ford,Freestyle,1.2L Ti-Vct Titanium,721400,FWD ,3,Hatchback,Manual,Petrol,5
Ford,Freestyle,1.2L Ti-Vct Titanium Plus,756400,FWD ,3,Hatchback,Manual,Petrol,5
Ford,Freestyle,1.2L Ti-Vct Trend Plus,681400,FWD ,3,Crossover,Manual,Petrol,5
Ford,Freestyle,1.5L Tdci Trend Plus,745900,FWD ,3,Crossover,Manual,Diesel,5
Volkswagen,Ameo,Trendline 1.5L Tdi,711500,FWD ,4,Sedan,Manual,Diesel,5
Volkswagen,Ameo,Comfortline 1.5L Tdi,810500,FWD ,4,Sedan,Manual,Diesel,5
Volkswagen,Ameo,Highline Plus 1.5L Tdi Dsg,999900,FWD ,4,Sedan,Automatic,Diesel,5
Volkswagen,Ameo,Highline Plus 1.5L Tdi,925500,FWD ,4,Sedan,Manual,Diesel,5
Volkswagen,Ameo,Trendline 1.0L,594000,FWD ,3,Sedan,Manual,Petrol,5
Volkswagen,Ameo,Comfortline 1.0L,665000,FWD ,3,Sedan,Manual,Petrol,5
Volkswagen,Ameo,Highline Plus 1.0L,799900,FWD ,3,Sedan,Manual,Petrol,5
Volkswagen,Ameo,Gt Line Tdi Dsg,999900,FWD ,4,Sedan,Automatic,Diesel,5
Ford,Aspire,1.2 Ti-Vct Ambiente,598500,FWD ,4,Sedan,Manual,Petrol,5
Ford,Aspire,1.2 Ti-Vct Trend Plus,697400,FWD ,4,Sedan,Manual,Petrol,5
Ford,Aspire,1.2 Ti-Vct Trend,663400,FWD ,4,Sedan,Manual,Petrol,5
Ford,Aspire,1.5 Tdci Ambiente,699400,FWD ,4,Sedan,Manual,Diesel,5
Ford,Aspire,1.5 Tdci Trend,737400,FWD ,4,Sedan,Manual,Diesel,5
Ford,Aspire,1.5 Tdci Trend Plus,777400,FWD ,4,Sedan,Manual,Diesel,5
Ford,Aspire,1.5 Tdci Titanium,817400,FWD ,4,Sedan,Manual,Diesel,5
Ford,Aspire,1.5 Tdci Titanium Plus,862400,FWD ,4,Sedan,Manual,Diesel,5
Ford,Aspire,1.2 Ti-Vct Titanium Plus,782400,FWD ,4,Sedan,Manual,Petrol,5
Ford,Aspire,1.2 Ti-Vct Titanium,737400,FWD ,4,Sedan,Manual,Petrol,5
Ford,Aspire,1.2 Trend Plus Cng,758314,FWD ,4,Sedan,Manual,CNG,5
Ford,Aspire,1.2 Ti-Vct Blu,762400,FWD ,4,Sedan,Manual,Petrol,5
Ford,Aspire,1.5 Tdci Blu,842400,FWD ,4,Sedan,Manual,Diesel,5
Toyota,Platinum Etios,G,627100,FWD ,4,Sedan,Manual,Petrol,5
Toyota,Platinum Etios,V,718600,FWD ,4,Sedan,Manual,Petrol,5
Toyota,Platinum Etios,Gd,734700,FWD ,4,Sedan,Manual,Diesel,5
Toyota,Platinum Etios,Vd,828600,FWD ,4,Sedan,Manual,Diesel,5
Toyota,Platinum Etios,Vxd,888400,FWD ,4,Sedan,Manual,Diesel,5
Toyota,Platinum Etios,Vx,778400,FWD ,4,Sedan,Manual,Petrol,5
Toyota,Platinum Etios,Gx,689600,FWD ,4,Sedan,Manual,Petrol,5
Toyota,Platinum Etios,Gxd,799600,FWD ,4,Sedan,Manual,Diesel,5
Toyota,Platinum Etios,Vxd Limited Edition,913400,FWD ,4,Sedan,Manual,Diesel,5
Toyota,Platinum Etios,Vx Limited Edition,803400,FWD ,4,Sedan,Manual,Petrol,5
Toyota,Etios Cross,V,802000,FWD ,4,Hatchback,Manual,Petrol,5
Toyota,Etios Cross,G,650000,FWD ,4,Hatchback,Manual,Petrol,5
Toyota,Etios Cross,Vd,797500,FWD ,4,Hatchback,Manual,Diesel,5
Toyota,Etios Cross,Gd,766000,FWD ,4,Hatchback,Manual,Diesel,5
Toyota,Etios Cross,1.2 X Edition,668500,FWD ,4,Hatchback,Manual,Petrol,5
Toyota,Etios Cross,1.4 X Edition,816000,FWD ,4,Hatchback,Manual,Diesel,5
Mahindra,Verito Vibe,D2,657628,FWD ,4,Hatchback,Manual,Diesel,5
Mahindra,Verito Vibe,D4,685729,FWD ,4,Hatchback,Manual,Diesel,5
Mahindra,Verito Vibe,D6,750428,FWD ,4,Hatchback,Manual,Diesel,5
Fiat,Urban Cross,1.3 Multijet Active,677618,FWD ,4,Crossover,Manual,Diesel,5
Fiat,Urban Cross,1.3 Multijet Dynamic,739074,FWD ,4,Crossover,Manual,Diesel,5
Fiat,Urban Cross,1.4 T-Jet Emotion,977516,FWD ,4,Crossover,Manual,Petrol,5
Fiat,Urban Cross,1.3 Multijet Emotion,810211,FWD ,4,Crossover,Manual,Diesel,5
Toyota,Glanza,G Hybrid,721900,FWD ,4,Hatchback,Manual,Petrol,5
Toyota,Glanza,V,758200,FWD ,4,Hatchback,Manual,Petrol,5
Toyota,Glanza,G Cvt,829900,FWD ,4,Hatchback,CVT,Petrol,5
Toyota,Glanza,V Cvt,890200,FWD ,4,Hatchback,CVT,Petrol,5
Toyota,Glanza,G Mt,697900,FWD ,4,Hatchback,Manual,Petrol,5
Fiat,Avventura,Multijet Dynamic,796132,FWD ,4,Crossover,Manual,Diesel,5
Fiat,Avventura,Multijet Active,711801,FWD ,4,Crossover,Manual,Diesel,5
Fiat,Avventura,Multijet Emotion,876341,FWD ,4,Crossover,Manual,Diesel,5
Honda,Jazz,V Petrol,745000,FWD ,4,Hatchback,Manual,Petrol,5
Honda,Jazz,Vx Cvt,909000,FWD ,4,Hatchback,Automatic,Petrol,5
Honda,Jazz,Vx Petrol,789000,FWD ,4,Hatchback,Manual,Petrol,5
Honda,Jazz,V Cvt,865000,FWD ,4,Hatchback,Automatic,Petrol,5
Honda,Jazz,S Diesel,816500,FWD ,4,Hatchback,Manual,Diesel,5
Honda,Jazz,V Diesel,896500,FWD ,4,Hatchback,Manual,Diesel,5
Honda,Jazz,Vx Diesel,940500,FWD ,4,Hatchback,Manual,Diesel,5
Honda,Jazz,Exclusive Edition Cvt,928000,FWD ,4,Hatchback,Automatic,Petrol,5
Jeep,Compass Trailhawk,2.0 Trailhawk 4X4 At,2680000,AWD ,4,SUV,Automatic,Diesel,5
Jeep,Compass Trailhawk,2.0 Trailhawk (O) 4X4 At,2760000,AWD ,4,SUV,Automatic,Diesel,5
Mahindra,Alturas G4,2Wd At,2770150,FWD ,4,SUV,Automatic,Diesel,7
Mahindra,Alturas G4,4Wd At,3070150,4WD,4,SUV,Automatic,Diesel,7
Volkswagen,Tiguan,Comfortline 2.0L Tdi Amt,2814500,AWD ,4,SUV,Automatic,Diesel,5
Volkswagen,Tiguan,Highline 2.0L Tdi Amt,3153500,AWD ,4,SUV,Automatic,Diesel,5
Honda,Cr-V,2Wd Petrol Cvt,2827001,FWD ,4,SUV,Automatic,Petrol,5
Honda,Cr-V,2Wd Diesel At,3067001,FWD ,4,SUV,Automatic,Diesel,7
Honda,Cr-V,Awd Diesel At,3277001,AWD ,4,SUV,Automatic,Diesel,7
Skoda,Superb Sportline,Sportline 1.8L Tsi At,2899599,FWD ,4,Sedan,Automatic,Petrol,5
Skoda,Superb Sportline,Sportline 2.0L Tdi At,3149599,FWD ,4,Sedan,Automatic,Diesel,5
Audi,A3,35 Tdi Premium Plus,3021200,FWD ,4,Sedan,Automatic,Diesel,5
Audi,A3,35 Tdi Technology,3221200,FWD ,4,Sedan,Automatic,Diesel,5
Audi,A3,35 Tfsi Premium Plus,2920750,FWD ,4,Sedan,Automatic,Petrol,5
Audi,A3,35 Tfsi Technology,3120750,FWD ,4,Sedan,Automatic,Petrol,5
MercedesBenz,Mercedes-Benz B-Class,B 180 Sport,2988311,FWD ,4,MPV,Automatic,Petrol,5
MercedesBenz,Mercedes-Benz B-Class,B 200 Cdi Sport,3089851,FWD ,4,MPV,Automatic,Diesel,5
MercedesBenz,Mercedes-Benz B-Class,B 180 Night Edition,3198662,FWD ,4,MPV,Automatic,Petrol,5
MercedesBenz,Mercedes-Benz B-Class,B 200 Cdi Night Edition,3303282,FWD ,4,MPV,Automatic,Diesel,5
MercedesBenz,Mercedes-Benz Cla-Class,200 Sport,3599000,FWD ,4,Sedan,Automatic,Petrol,5
MercedesBenz,Mercedes-Benz Cla-Class,200 Cdi Style,3172000,FWD ,4,Sedan,Automatic,Diesel,5
MercedesBenz,Mercedes-Benz Cla-Class,200 D Sport,3699000,FWD ,4,Sedan,Automatic,Diesel,5
Skoda,Kodiaq,Style 2.0 Tdi 4X4 At,3299599,FWD ,4,SUV,Automatic,Diesel,5
Skoda,Kodiaq,Laurin And Klement,3678599,FWD ,4,SUV,Automatic,Diesel,5
Skoda,Kodiaq,Corporate Edition,3299599,FWD ,4,SUV,Automatic,Diesel,5
Audi,Q3,30 Tdi Premium Fwd,3677200,FWD ,4,SUV,Manual,Diesel,5
Audi,Q3,35 Tdi Quattro Premium Plus,3992200,AWD ,4,SUV,Automatic,Diesel,5
Audi,Q3,35 Tdi Quattro Technology,4361000,AWD ,4,SUV,Automatic,Diesel,5
Audi,Q3,30 Tfsi Premium,3496750,FWD ,4,SUV,Automatic,Petrol,5
Volvo,Xc40,D4 Inscription,4390000,AWD ,5,SUV,Automatic,Diesel,5
Volvo,Xc40,T4 R-Design,3990000,AWD ,5,SUV,Automatic,Petrol,5
Audi,A4,Premium Plus 35 Tfsi,4149000,FWD ,4,Sedan,DCT,Petrol,5
Audi,A4,Technology 35 Tfsi,4507000,FWD ,4,Sedan,DCT,Petrol,5
Jaguar,Xe,S Petrol,4498000,RWD ,4,Sedan,Automatic,Petrol,5
Jaguar,Xe,S Diesel,4498000,RWD ,4,Sedan,Automatic,Diesel,4
Jaguar,Xe,Se Diesel,4633000,RWD ,4,Sedan,Automatic,Diesel,4
Jaguar,Xe,Se Petrol,4633000,RWD ,4,Sedan,Automatic,Petrol,5
Jaguar,Xf,2.0 Prestige,5436329,RWD ,4,Sedan,Automatic,Petrol,5
Jaguar,Xf,2.0 Portfolio,6073446,RWD ,4,Sedan,Automatic,Petrol,5
Jaguar,Xf,2.0 Portfolio Diesel,6138811,RWD ,4,Sedan,Automatic,Diesel,5
Jaguar,Xf,2.0 Prestige Diesel,5506622,RWD ,4,Sedan,Automatic,Diesel,5
Jaguar,Xf,2.0 Pure Diesel,4977080,RWD ,4,Sedan,Automatic,Diesel,5
Audi,A3 Cabriolet,40 Tfsi,5038000,FWD ,4,Convertible,Automatic,Petrol,4
Audi,A6,Premium Plus 45 Tfsi,5442200,FWD ,4,Sedan,Automatic,Petrol,5
Audi,A6,Technology 45 Tfsi,5942200,FWD ,4,Sedan,Automatic,Petrol,5
Bmw,X3,Xdrive 20D Luxury Line,5930000,4WD,4,SUV,Automatic,Diesel,5
Bmw,X3,Xdrive 30I Luxury Line,5880000,4WD,4,SUV,Automatic,Petrol,5
Bmw,X3,Xdrive20D Xline,5600000,4WD,4,SUV,Automatic,Diesel,5
LandRover,Discovery Sport,S,5706000,4WD,4,SUV,Automatic,Diesel,7
LandRover,Discovery Sport,R-Dynamic Se,6089000,4WD,4,SUV,Automatic,Diesel,7
Volvo,S90,D4 Inscription,5890000,FWD ,4,Sedan,Automatic,Diesel,5
Audi,S5,Sportback,7243000,AWD ,6,Sedan,Automatic,Petrol,5
Bmw,X5,Xdrive30D Sport,7330000,AWD ,6,SUV,Automatic,Diesel,5
Bmw,X5,Xdrive30D Xline,8290000,AWD ,6,SUV,Automatic,Diesel,5
Bmw,X5,Xdrive40I M Sport,8290000,AWD ,6,SUV,Automatic,Petrol,5
Jeep,Grand Cherokee,Limited,7882867,AWD ,6,SUV,Automatic,Diesel,5
Jeep,Grand Cherokee,Suit,8931819,AWD ,6,SUV,Automatic,Diesel,5
Jeep,Grand Cherokee,Srt,11400000,AWD ,8,SUV,Automatic,Petrol,5
Jeep,Grand Cherokee,Suit Petrol,7515000,AWD ,6,SUV,Automatic,Petrol,5
MercedesBenz,Mercedes-Benz E-Class Cabriolet,E400,7711338,RWD ,6,Convertible,Automatic,Petrol,4
Bmw,M2 Competition,Coupe,8180000,RWD ,6,Coupe,Automatic,Petrol,4
Porsche,718,Boxster,8995000,RWD ,4,Convertible,Automatic,Petrol,2
Porsche,718,Cayman,8595000,RWD ,4,Coupe,Automatic,Petrol,2
MercedesBenz,Mercedes-Benz Gls,350 Cdi,8820000,AWD ,6,SUV,Automatic,Diesel,5
MercedesBenz,Mercedes-Benz Gls,63 Amg,19199181,AWD ,8,SUV,Automatic,Petrol,7
MercedesBenz,Mercedes-Benz Gls,400 4Matic,8776900,AWD ,8,SUV,Automatic,Petrol,7
MercedesBenz,Mercedes-Benz Gls,Grand Edition Petrol,8690000,AWD ,8,SUV,Automatic,Petrol,7
MercedesBenz,Mercedes-Benz Gls,Grand Edition Diesel,8690000,AWD ,6,SUV,Automatic,Diesel,5
Toyota,Land Cruiser Prado,Vx L,9630000,4WD,4,SUV,Automatic,Diesel,7
Lexus,Rx 450H,450Hl Luxury,9900000,AWD ,6,SUV,Automatic,Petrol,5
Audi,Rs5,Coupe,11141200,AWD ,8,Coupe,Automatic,Petrol,4
Bmw,7-Series,730Ld Design Pure Excellence,12290000,AWD ,6,Sedan,Automatic,Diesel,4
Bmw,7-Series,730Ld Design Pure Excellence Signature,13200000,AWD ,6,Sedan,Automatic,Diesel,4
Bmw,7-Series,730Ld M Sport,13510000,AWD ,6,Sedan,Automatic,Diesel,4
Bmw,7-Series,740Li Design Pure Excellence Signature,13510000,AWD ,6,Sedan,Automatic,Petrol,4
Bmw,7-Series,745Le Xdrive,16500000,AWD ,6,Sedan,Automatic,Hybrid,4
Bmw,7-Series,M760Li Xdrive,24250000,AWD ,12,Sedan,Automatic,Petrol,4
Audi,Q8,55 Tfsi Quattro Tiptronic,13359500,AWD ,4,SUV,Automatic,Petrol,7
MercedesBenz,Mercedes-Benz S-Class,S 350 D,13558438,RWD ,6,Sedan,Automatic,Diesel,5
MercedesBenz,Mercedes-Benz S-Class,S 450,13976653,RWD ,6,Sedan,Automatic,Petrol,5
MercedesBenz,Mercedes-Benz S-Class,Amg S 63 Coupe,25500000,AWD ,8,Coupe,Automatic,Petrol,4
Porsche,Panamera,Turbo,21263000,AWD ,8,Sedan,Automatic,Petrol,4
Porsche,Panamera,Turbo Executive,22613000,AWD ,8,Sedan,Automatic,Petrol,4
Porsche,Panamera,Turbo Sport Turismo,21747000,AWD ,8,Sedan,Automatic,Petrol,4
Lexus,Lx 450D,V8,23290000,FWD ,8,SUV,Automatic,Diesel,7
MercedesBenz,Mercedes-Benz S-Class Cabriolet,S500,23491293,RWD ,8,Convertible,Automatic,Petrol,4
Audi,R8,V10 Plus,27245000,AWD ,10,Coupe,Automatic,Petrol,2
Lamborghini,Urus,V8,30000000,AWD ,8,SUV,Automatic,Petrol,5
Bentley,Continental Gt,Coupe,33791059,AWD ,12,Coupe,Automatic,Petrol,4
Ferrari,Portofino,V8 Convertible,35000000,AWD ,8,Convertible,Automatic,Petrol,2
Bentley,Bentayga,W12,45941557,AWD ,12,SUV,Automatic,Petrol,5
Bentley,Bentayga,V8,37542069,AWD ,12,SUV,Automatic,Petrol,5
Ferrari,458 Speciale,Coupe,42531500,AWD ,8,Coupe,Automatic,Petrol,2
RollsRoyce,Rolls-Royce Ghost Series Ii,6.6,46709733,RWD ,12,Sedan,Automatic,Petrol,5
RollsRoyce,Rolls-Royce Ghost Series Ii,Ewb,53247201,RWD ,12,Sedan,Automatic,Petrol,5
RollsRoyce,Rolls-Royce Wraith,Coupe,50025840,AWD ,12,Coupe,Automatic,Petrol,4
Bentley,Mulsanne,Sedan,52571294,RWD ,8,Sedan,Automatic,Petrol,4
RollsRoyce,Rolls-Royce Cullinan,Suv,69500000,AWD ,12,SUV,Automatic,Petrol,5
RollsRoyce,Rolls-Royce Phantom Coupe,6.8 L,77312661,RWD ,12,Coupe,Automatic,Petrol,4
Bajaj,Qute (Re60),Qcar,263000,RWD ,1,Hatchback,Manual,Petrol,4
Bajaj,Qute (Re60),Qcar Cng,283000,RWD ,1,Hatchback,Manual,CNG,4
MarutiSuzuki,Alto,Std,294800,FWD ,3,Hatchback,Manual,Petrol,5
MarutiSuzuki,Alto,Std (O),299900,FWD ,3,Hatchback,Manual,Petrol,5
MarutiSuzuki,Alto,Lxi,352900,FWD ,3,Hatchback,Manual,Petrol,5
MarutiSuzuki,Alto,Lxi (O),357200,FWD ,3,Hatchback,Manual,Petrol,5
MarutiSuzuki,Alto,Vxi,376100,FWD ,3,Hatchback,Manual,Petrol,5
MarutiSuzuki,Alto,Lxi Cng (Cng +,405570,FWD ,3,Hatchback,Manual,CNG_Petrol,5
MarutiSuzuki,Alto,Lxi (O) Cng (Cng +,409190,FWD ,3,Hatchback,Manual,CNG_Petrol,5
MarutiSuzuki,Alto,Vxi Plus,389600,FWD ,3,Hatchback,Manual,Petrol,5
MarutiSuzuki,S-Presso,Std,370500,FWD ,3,Hatchback,Manual,Petrol,5
MarutiSuzuki,S-Presso,Std (O),376500,FWD ,3,Hatchback,Manual,Petrol,5
MarutiSuzuki,S-Presso,Lxi,409000,FWD ,3,Hatchback,Manual,Petrol,5
MarutiSuzuki,S-Presso,Lxi (O),415000,FWD ,3,Hatchback,Manual,Petrol,5
MarutiSuzuki,S-Presso,Vxi,432500,FWD ,3,Hatchback,Manual,Petrol,5
MarutiSuzuki,S-Presso,Vxi (O),438500,FWD ,3,Hatchback,Manual,Petrol,5
MarutiSuzuki,S-Presso,Vxi Ags,475500,FWD ,3,Hatchback,AMT,Petrol,5
MarutiSuzuki,S-Presso,Vxi+,456000,FWD ,3,Hatchback,Manual,Petrol,5
MarutiSuzuki,S-Presso,Vxi (O) Ags,481500,FWD ,3,Hatchback,AMT,Petrol,5
MarutiSuzuki,S-Presso,Vxi+ Ags,499000,FWD ,3,Hatchback,AMT,Petrol,5
MarutiSuzuki,Celerio,Lxi,426289,FWD ,3,Hatchback,Manual,Petrol,5
MarutiSuzuki,Celerio,Vxi,465138,FWD ,3,Hatchback,Manual,Petrol,5
MarutiSuzuki,Celerio,Vxi At,508138,FWD ,3,Hatchback,Automatic,Petrol,5
MarutiSuzuki,Celerio,Zxi,490924,FWD ,3,Hatchback,Manual,Petrol,5
MarutiSuzuki,Celerio,Zxi (Opt),531279,FWD ,3,Hatchback,Manual,Petrol,5
MarutiSuzuki,Celerio,Vxi Cng Mt,530000,FWD ,3,Hatchback,Manual,CNG,5
MarutiSuzuki,Celerio,Zxi Ags,533924,FWD ,3,Hatchback,Automatic,Petrol,5
MarutiSuzuki,Celerio,Lxi Mt (O),434659,FWD ,3,Hatchback,Manual,Petrol,5
MarutiSuzuki,Celerio,Vxi (O) Mt,472257,FWD ,3,Hatchback,Manual,Petrol,5
MarutiSuzuki,Celerio,Vxi (O) Ags,515257,FWD ,3,Hatchback,Automatic,Petrol,5
MarutiSuzuki,Celerio,Zxi (O) Ags,543279,FWD ,3,Hatchback,Automatic,Petrol,5
Hyundai,Grand I10 Prime,Era T Crdi,551530,FWD ,3,Hatchback,Manual,Diesel,5
Hyundai,Grand I10 Prime,Era T+ Crdi,568930,FWD ,3,Hatchback,Manual,Diesel,5
Hyundai,Grand I10 Prime,Era T Vtvt,460369,FWD ,4,Hatchback,Manual,Petrol,5
Hyundai,Grand I10 Prime,Era T+ Vtvt,477511,FWD ,4,Hatchback,Manual,Petrol,5
Hyundai,Grand I10 Prime,Era T+ Cng Vtvt,545946,FWD ,4,Hatchback,Manual,CNG,5
Hyundai,Grand I10 Prime,Era T Cng Vtvt,528804,FWD ,4,Hatchback,Manual,CNG,5
Mahindra,Kuv100 Nxt,K2 6Str,488194,FWD ,3,Hatchback,Manual,Petrol,6
Mahindra,Kuv100 Nxt,K2+ 6Str,532184,FWD ,3,Hatchback,Manual,Petrol,6
Mahindra,Kuv100 Nxt,K2 D 6Str,590798,FWD ,3,Hatchback,Manual,Diesel,6
Mahindra,Kuv100 Nxt,K2+ D 6Str,619243,FWD ,3,Hatchback,Manual,Diesel,6
Mahindra,Kuv100 Nxt,K4+ D 6Str,667273,FWD ,3,Hatchback,Manual,Diesel,6
Mahindra,Kuv100 Nxt,K4+ 6Str,579645,FWD ,3,Hatchback,Manual,Petrol,6
Mahindra,Kuv100 Nxt,K6+ 6Str,631144,FWD ,3,Hatchback,Manual,Petrol,6
Mahindra,Kuv100 Nxt,K6+ D 6Str,754548,FWD ,3,Hatchback,Manual,Diesel,6
Mahindra,Kuv100 Nxt,K8 6Str,693550,FWD ,3,Hatchback,Manual,Petrol,6
Mahindra,Kuv100 Nxt,K8 D 6Str,787304,FWD ,3,Hatchback,Manual,Diesel,6
Mahindra,Kuv100 Nxt,K8 6 Str Dual Tone,701045,FWD ,3,Hatchback,Manual,Petrol,6
Mahindra,Kuv100 Nxt,K8 D 6 Str Dual Tone,794800,FWD ,3,Hatchback,Manual,Diesel,6
Mahindra,Kuv100 Nxt,K4+ 5Str,573250,FWD ,3,Hatchback,Manual,Petrol,5
Mahindra,Kuv100 Nxt,K6+ 5Str,631146,FWD ,3,Hatchback,Manual,Petrol,5
Mahindra,Kuv100 Nxt,K8 5Str,687175,FWD ,3,Hatchback,Manual,Petrol,5
Mahindra,Kuv100 Nxt,K4+ D 5Str,660832,FWD ,3,Hatchback,Manual,Diesel,5
Mahindra,Kuv100 Nxt,K6+ D 5Str,748128,FWD ,3,Hatchback,Manual,Diesel,5
Mahindra,Kuv100 Nxt,K8 D 5Str,780884,FWD ,3,Hatchback,Manual,Diesel,5
Mahindra,Kuv100 Nxt,K2 D 5Str Taxi,550155,FWD ,3,Hatchback,Manual,Diesel,5
Mahindra,Kuv100 Nxt,K2 D 6Str Taxi,559741,FWD ,3,Hatchback,Manual,Diesel,6
Mahindra,Kuv100 Nxt,K2 5Str Cng Taxi,524312,FWD ,3,Hatchback,Manual,Petrol,5
Mahindra,Kuv100 Nxt,K2 6Str Cng Taxi,542913,FWD ,3,Hatchback,Manual,Petrol,6
MarutiSuzuki,Swift,Lxi,519000,FWD ,4,Hatchback,Manual,Petrol,5
MarutiSuzuki,Swift,Vxi,619000,FWD ,4,Hatchback,Manual,Petrol,5
MarutiSuzuki,Swift,Vxi Amt,666000,FWD ,4,Hatchback,Automatic,Petrol,5
MarutiSuzuki,Swift,Zxi,678000,FWD ,4,Hatchback,Manual,Petrol,5
MarutiSuzuki,Swift,Zxi Amt,725000,FWD ,4,Hatchback,Automatic,Petrol,5
MarutiSuzuki,Swift,Zxi Plus,758000,FWD ,4,Hatchback,Manual,Petrol,5
MarutiSuzuki,Swift,Ldi,599000,FWD ,4,Hatchback,Manual,Diesel,5
MarutiSuzuki,Swift,Vdi,698000,FWD ,4,Hatchback,Manual,Diesel,5
MarutiSuzuki,Swift,Vdi Amt,745000,FWD ,4,Hatchback,Automatic,Diesel,5
MarutiSuzuki,Swift,Zdi,757000,FWD ,4,Hatchback,Manual,Diesel,5
MarutiSuzuki,Swift,Zdi Amt,804000,FWD ,4,Hatchback,Automatic,Diesel,5
MarutiSuzuki,Swift,Zdi Plus,838000,FWD ,4,Hatchback,Manual,Diesel,5
MarutiSuzuki,Swift,Zxi Plus Amt,802000,FWD ,4,Hatchback,Automatic,Petrol,5
MarutiSuzuki,Swift,Zdi Plus Amt,884000,FWD ,4,Hatchback,Automatic,Diesel,5
Tata,Altroz,Xe Petrol,529000,FWD ,3,Hatchback,Manual,Petrol,5
Tata,Altroz,Xm Petrol,615000,FWD ,3,Hatchback,Manual,Petrol,5
Tata,Altroz,Xt Petrol,684000,FWD ,3,Hatchback,Manual,Petrol,5
Tata,Altroz,Xz Petrol,744000,FWD ,3,Hatchback,Manual,Petrol,5
Tata,Altroz,Xz (O) Petrol,769000,FWD ,3,Hatchback,Manual,Petrol,5
Tata,Altroz,Xe Diesel,699000,FWD ,4,Hatchback,Manual,Diesel,5
Tata,Altroz,Xm Diesel,775000,FWD ,4,Hatchback,Manual,Diesel,5
Tata,Altroz,Xt Diesel,844000,FWD ,4,Hatchback,Manual,Diesel,5
Tata,Altroz,Xz Diesel,904000,FWD ,4,Hatchback,Manual,Diesel,5
Tata,Altroz,Xz (O) Diesel,929000,FWD ,4,Hatchback,Manual,Diesel,5
Icml,Extreme,Ld Di Non Ac 9 Seater Bsiii,642478,RWD ,4,SUV,Manual,Diesel,9
Icml,Extreme,Ld Crdfi Non Ac 9 Seater Bsiv,589678,RWD ,4,SUV,Manual,Diesel,9
Icml,Extreme,Ld Di Ps Ac 9 Seater Bsiii,689761,RWD ,4,SUV,Manual,Diesel,9
Icml,Extreme,Ld Crdfi Ps Ac 9 Seater Bsiii,788177,RWD ,4,SUV,Manual,Diesel,9
Icml,Extreme,Sd Di 9 Seater Bsiii,2650777,RWD ,4,SUV,Manual,Diesel,9
Icml,Extreme,Ld Crdfi Ps Ac 9 Seater Bsiv,628072,RWD ,4,SUV,Manual,Diesel,9
Icml,Extreme,Vd Crdfi 7 Seater Bsiii,900967,RWD ,4,SUV,Manual,Diesel,7
Icml,Extreme,Vd Di 7 Seater Bsiii,1465148,RWD ,4,SUV,Manual,Diesel,7
Icml,Extreme,Sd Crdfi 9 Seater Bsiv,552890,RWD ,4,SUV,Manual,Diesel,9
Icml,Extreme,Vd Crdfi 7 Seater Bsiv,927689,RWD ,4,SUV,Manual,Diesel,7
Icml,Extreme,Sd Crdfi 9 Seater Bsiii,835275,RWD ,4,SUV,Manual,Diesel,9
Tata,Tigor,Revotron Xe,575000,FWD ,3,Sedan,Manual,Petrol,5
Tata,Tigor,Revotron Xm,610000,FWD ,3,Sedan,Manual,Petrol,5
Tata,Tigor,Revotron Xz,650000,FWD ,3,Sedan,Manual,Petrol,5
Tata,Tigor,Revotron Xz Plus,699000,FWD ,3,Sedan,Manual,Petrol,5
Tata,Tigor,Revotron Xma,660000,FWD ,3,Sedan,AMT,Petrol,5
Tata,Tigor,Revotron Xza Plus,749000,FWD ,3,Sedan,AMT,Petrol,5
Tata,Zest,Xe Petrol,582287,FWD ,4,Sedan,Manual,Petrol,5
Tata,Zest,Xe Diesel,702946,FWD ,4,Sedan,Manual,Diesel,5
Tata,Zest,Xm Petrol,653926,FWD ,4,Sedan,Manual,Petrol,5
Tata,Zest,Xms Petrol,672641,FWD ,4,Sedan,Manual,Petrol,5
Tata,Zest,Xt Petrol,732475,FWD ,4,Sedan,Manual,Petrol,5
Tata,Zest,Xm Diesel,767317,FWD ,4,Sedan,Manual,Diesel,5
Tata,Zest,Xms Diesel,793898,FWD ,4,Sedan,Manual,Diesel,5
Tata,Zest,Xt Diesel,855362,FWD ,4,Sedan,Manual,Diesel,5
Tata,Zest,Xma Diesel,836320,FWD ,4,Sedan,AMT,Diesel,5
Tata,Zest,Xta Diesel,989000,FWD ,4,Sedan,Automatic,Diesel,5
Tata,Zest,Zest Premio Edition,788797,FWD ,4,Sedan,Manual,Diesel,5
Honda,Amaze,S Cvt Petrol,763000,FWD ,4,Sedan,Automatic,Petrol,5
Honda,Amaze,E Mt Diesel,705000,FWD ,4,Sedan,Manual,Diesel,5
Honda,Amaze,E Mt Petrol,593000,FWD ,4,Sedan,Manual,Petrol,5
Honda,Amaze,S Cvt Diesel,865000,FWD ,4,Sedan,Automatic,Diesel,5
Honda,Amaze,V Cvt Petrol,823000,FWD ,4,Sedan,Automatic,Petrol,5
Honda,Amaze,V Cvt Diesel,925000,FWD ,4,Sedan,Automatic,Diesel,5
Honda,Amaze,S Mt Diesel,785000,FWD ,4,Sedan,Manual,Diesel,5
Honda,Amaze,Vx Mt Diesel,893000,FWD ,4,Sedan,Manual,Diesel,5
Honda,Amaze,V Mt Diesel,845000,FWD ,4,Sedan,Manual,Diesel,5
Honda,Amaze,Vx Mt Petrol,781000,FWD ,4,Sedan,Manual,Petrol,5
Honda,Amaze,V Mt Petrol,733000,FWD ,4,Sedan,Manual,Petrol,5
Honda,Amaze,S Mt Petrol,673000,FWD ,4,Sedan,Manual,Petrol,5
Honda,Amaze,Exclusive Edition Diesel,906000,FWD ,4,Sedan,Manual,Diesel,5
Honda,Amaze,Exclusive Edition Petrol,794000,FWD ,4,Sedan,Manual,Petrol,5
Honda,Amaze,Vx Cvt Diesel,966000,FWD ,4,Sedan,Automatic,Diesel,5
Honda,Amaze,Vx Cvt Petrol,864000,FWD ,4,Sedan,Automatic,Petrol,5
Honda,Amaze,Ace Edition Cvt Diesel,979300,FWD ,4,Sedan,Automatic,Diesel,5
Honda,Amaze,Ace Edition Cvt Petrol,877300,FWD ,4,Sedan,Automatic,Petrol,5
Honda,Amaze,Ace Edition Mt Diesel,906300,FWD ,4,Sedan,Manual,Diesel,5
Honda,Amaze,Ace Edition Mt Petrol,794300,FWD ,4,Sedan,Manual,Petrol,5
MarutiSuzuki,Gypsy,Hard Top,637343,4WD,4,SUV,Manual,Petrol,8
MarutiSuzuki,Gypsy,Soft Top,622730,4WD,4,SUV,Manual,Petrol,8
Hyundai,Venue,1.2 Kappa Mt E,655000,FWD ,4,SUV,Manual,Petrol,5
Hyundai,Venue,1.0 Turbo Gdi Mt S,826000,FWD ,4,SUV,Manual,Petrol,5
Hyundai,Venue,1.4 Crdi Mt E,780000,FWD ,4,SUV,Manual,Diesel,5
Hyundai,Venue,1.0 Turbo Gdi Mt Sx,959000,FWD ,4,SUV,Manual,Petrol,5
Hyundai,Venue,1.0 Turbo Gdi Mt Sx Dual Tone,974000,FWD ,4,SUV,Manual,Petrol,5
Hyundai,Venue,1.0 Turbo Gdi Mt Sx(O),1065000,FWD ,4,SUV,Manual,Petrol,5
Hyundai,Venue,1.0 Turbo Gdi Dct S,940000,FWD ,4,SUV,DCT,Petrol,5
Hyundai,Venue,1.0 Turbo Gdi Dct Sx Plus,1115500,FWD ,4,SUV,DCT,Petrol,5
Hyundai,Venue,1.2 Kappa Mt S,725000,FWD ,4,SUV,Manual,Petrol,5
Hyundai,Venue,1.4 Crdi Mt S,850000,FWD ,4,SUV,Manual,Diesel,5
Hyundai,Venue,1.4 Crdi Mt Sx,983000,FWD ,4,SUV,Manual,Diesel,5
Hyundai,Venue,1.4 Crdi Mt Sx Dual Tone,998000,FWD ,4,SUV,Manual,Diesel,5
Hyundai,Venue,1.4 Crdi Mt Sx(O),1089000,FWD ,4,SUV,Manual,Diesel,5
Tata,Nexon,Xe,695000,RWD ,3,SUV,Manual,Petrol,5
Tata,Nexon,Xm,770000,FWD ,3,SUV,Manual,Petrol,5
Tata,Nexon,Xz,870000,FWD ,3,SUV,Manual,Petrol,5
Tata,Nexon,Xz Plus,950000,FWD ,3,SUV,Manual,Petrol,5
Tata,Nexon,Xz Plus Dual Tone,970000,FWD ,3,SUV,Manual,Petrol,5
Tata,Nexon,Xz Plus (O),1040000,FWD ,3,SUV,Manual,Petrol,5
Tata,Nexon,Xz Plus (O) Dual Tone,1060000,FWD ,3,SUV,Automatic,Petrol,5
Tata,Nexon,Xma,830000,FWD ,3,SUV,Automatic,Petrol,5
Tata,Nexon,Xza Plus,1010000,FWD ,3,SUV,Automatic,Petrol,5
Tata,Nexon,Xza Plus Dual Tone,1030000,FWD ,3,SUV,Automatic,Petrol,5
Tata,Nexon,Xza Plus (O),1100000,FWD ,3,SUV,Automatic,Petrol,5
Tata,Nexon,Xza Plus (O) Dual Tone,1120000,FWD ,3,SUV,Automatic,Petrol,5
Tata,Nexon,Xe Diesel,845000,FWD ,4,SUV,Manual,Diesel,5
Tata,Nexon,Xm Diesel,920000,FWD ,4,SUV,Manual,Diesel,5
Tata,Nexon,Xz Diesel,1020000,FWD ,4,SUV,Manual,Diesel,5
Tata,Nexon,Xz Plus Diesel,1100000,FWD ,4,SUV,Manual,Diesel,5
Tata,Nexon,Xz Plus Diesel Dual Tone,1120000,FWD ,4,SUV,Manual,Diesel,5
Tata,Nexon,Xz Plus (O) Diesel,1190000,FWD ,4,SUV,Manual,Diesel,5
Tata,Nexon,Xz Plus (O) Diesel Dual Tone,1210000,FWD ,4,SUV,Manual,Diesel,5
Tata,Nexon,Xma Diesel,980000,FWD ,4,SUV,Automatic,Diesel,5
Tata,Nexon,Xza Plus Diesel,1160000,FWD ,4,SUV,Automatic,Diesel,5
Tata,Nexon,Xza Plus Diesel Dual Tone,1180000,FWD ,4,SUV,Automatic,Diesel,5
Tata,Nexon,Xza Plus (O) Diesel,1250000,FWD ,4,SUV,Automatic,Diesel,5
Tata,Nexon,Xza Plus (O) Diesel Dual Tone,1270000,FWD ,4,SUV,Automatic,Diesel,5
Fiat,Linea,Active Fire,715860,FWD ,4,Sedan,Manual,Petrol,5
Fiat,Linea,Active Multijet,862175,FWD ,4,Sedan,Manual,Diesel,5
Fiat,Linea,Dynamic Multijet,932025,FWD ,4,Sedan,Manual,Diesel,5
Fiat,Linea,Emotion Multijet,991434,FWD ,4,Sedan,Manual,Diesel,5
Fiat,Linea,T-Jet Emotion,997763,FWD ,4,Sedan,Manual,Petrol,5
Mahindra,Bolero Power Plus,Zlx,886398,FWD ,4,SUV,Manual,Diesel,7
Mahindra,Bolero Power Plus,Slx,851302,FWD ,4,SUV,Manual,Diesel,7
Mahindra,Bolero Power Plus,Sle,785656,FWD ,4,SUV,Manual,Diesel,7
Mahindra,Bolero Power Plus,Lx,749192,RWD ,4,SUV,Manual,Diesel,7
Mahindra,Bolero Power Plus,Plus Ac Bs4 Ps,859497,FWD ,4,SUV,Manual,Diesel,7
Mahindra,Bolero Power Plus,Plus Non Ac Bs4 Ps,819117,FWD ,4,SUV,Manual,Diesel,9
MarutiSuzuki,Vitara Brezza,Ldi,762742,FWD ,4,SUV,Manual,Diesel,5
MarutiSuzuki,Vitara Brezza,Vdi,814742,FWD ,4,SUV,Manual,Diesel,5
MarutiSuzuki,Vitara Brezza,Zdi,892243,FWD ,4,SUV,Manual,Diesel,5
MarutiSuzuki,Vitara Brezza,Zdi+,987743,FWD ,4,SUV,Manual,Diesel,5
MarutiSuzuki,Vitara Brezza,Zdi+ Dual Tone,1003552,FWD ,4,SUV,Manual,Diesel,5
MarutiSuzuki,Vitara Brezza,Zdi+ Ags,1037742,FWD ,4,SUV,Manual,Diesel,5
MarutiSuzuki,Vitara Brezza,Vdi Ags,864742,FWD ,4,SUV,Automatic,Diesel,5
MarutiSuzuki,Vitara Brezza,Zdi Ags,942243,FWD ,4,SUV,Automatic,Diesel,5
MarutiSuzuki,Vitara Brezza,Zdi+ Dual Tone Ags,1059742,FWD ,4,SUV,Automatic,Diesel,5
Hyundai,I20 Active,1.2 S,774035,FWD ,4,Hatchback,Manual,Petrol,5
Hyundai,I20 Active,1.2 Sx,858536,FWD ,4,Hatchback,Manual,Petrol,5
Hyundai,I20 Active,1.2 Sx Dual Tone,882298,FWD ,4,Hatchback,Manual,Petrol,5
Hyundai,I20 Active,1.4 Sx,993393,FWD ,4,Hatchback,Manual,Diesel,5
Ford,Ecosport,1.5L Ti-Vct Ambiente,791000,FWD ,3,SUV,Manual,Petrol,5
Ford,Ecosport,1.5L Ti-Vct Trend,871000,FWD ,3,SUV,Manual,Petrol,5
Ford,Ecosport,1.5L Ti-Vct Titanium,950000,FWD ,3,SUV,Manual,Petrol,5
Ford,Ecosport,1.5L Ti-Vct Titanium Plus At,1130000,FWD ,3,SUV,Automatic,Petrol,5
Ford,Ecosport,1.5L Tdci Ambiente,841000,FWD ,4,SUV,Manual,Diesel,5
Ford,Ecosport,1.5L Tdci Trend,921000,FWD ,4,SUV,Manual,Diesel,5
Ford,Ecosport,1.5L Tdci Titanium,999900,FWD ,4,SUV,Manual,Diesel,5
Ford,Ecosport,1.5L Tdci Titanium Plus,1090000,FWD ,4,SUV,Manual,Diesel,5
Ford,Ecosport,1.5L Ti-Vct Titanium Plus,999900,FWD ,4,SUV,Manual,Petrol,5
Ford,Ecosport,1.5L Tdci Titanium S,1145000,FWD ,3,SUV,Manual,Diesel,5
Ford,Ecosport,1.5L Ti-Vct Thunder Edition,999900,FWD ,4,SUV,Manual,Petrol,5
Ford,Ecosport,1.5L Tdci Thunder Edition,1090000,FWD ,4,SUV,Manual,Diesel,5
Renault,Duster,Rxe Petrol,799990,FWD ,4,SUV,Manual,Petrol,5
Renault,Duster,Rxs Petrol,919990,FWD ,4,SUV,Manual,Petrol,5
Renault,Duster,Rxs (Opt) Cvt,999990,FWD ,4,SUV,CVT,Petrol,5
Renault,Duster,85 Ps Rxe Mt Diesel,929990,FWD ,4,SUV,Manual,Diesel,5
Renault,Duster,85 Ps Rxs Mt Diesel,999990,FWD ,4,SUV,Manual,Diesel,5
Renault,Duster,110 Ps Rxs Mt Diesel,1119990,FWD ,4,SUV,Automatic,Diesel,5
Renault,Duster,110 Ps Rxz Mt Diesel,1209990,FWD ,4,SUV,Automatic,Diesel,5
Renault,Duster,110 Ps Rxz Amt Diesel,1249990,FWD ,4,SUV,Automatic,Diesel,5
Renault,Duster,110 Ps Rxs Awd (Opt) Diesel,1249990,FWD ,4,SUV,Automatic,Diesel,5
Hyundai,Verna,1.6 Vtvt Sx,999900,FWD ,4,Sedan,Manual,Petrol,5
Hyundai,Verna,1.6 Crdi Sx,1172544,FWD ,4,Sedan,Manual,Diesel,5
Hyundai,Verna,1.6 Crdi Sx (O),1301881,FWD ,4,Sedan,Manual,Diesel,5
Hyundai,Verna,1.6 Vtvt Sx (O),1172999,FWD ,4,Sedan,Manual,Petrol,5
Hyundai,Verna,1.6 Crdi Sx Plus At,1328545,FWD ,4,Sedan,Automatic,Diesel,5
Hyundai,Verna,1.6 Vtvt Sx(O) At,1287999,FWD ,4,Sedan,Automatic,Petrol,5
Hyundai,Verna,1.4 Vtvt Ex,933182,FWD ,4,Sedan,Manual,Petrol,5
Hyundai,Verna,1.4 Vtvt E,817867,FWD ,4,Sedan,Manual,Petrol,5
Hyundai,Verna,1.6 Vtvt Sx (O) Anniversary Edition,1178894,FWD ,4,Sedan,Manual,Petrol,5
Hyundai,Verna,1.6 Vtvt Sx Plus At,1162875,FWD ,4,Sedan,Automatic,Petrol,5
Hyundai,Verna,1.6 Crdi Sx(O) At,1407871,FWD ,4,Sedan,Automatic,Diesel,5
Hyundai,Verna,1.4 Crdi E,942867,FWD ,4,Sedan,Manual,Diesel,5
Hyundai,Verna,1.4 Crdi Ex,999900,FWD ,4,Sedan,Manual,Diesel,5
Mahindra,Xuv300,1.2 W4,830127,RWD ,4,SUV,Manual,Petrol,5
Mahindra,Xuv300,1.2 W6,915128,RWD ,4,SUV,Manual,Petrol,5
Mahindra,Xuv300,1.2 W8,1060129,RWD ,4,SUV,Manual,Petrol,5
Mahindra,Xuv300,1.2 W8(O),1184129,RWD ,4,SUV,Manual,Petrol,5
Mahindra,Xuv300,1.5 W4,869131,RWD ,4,SUV,Manual,Diesel,5
Mahindra,Xuv300,1.5 W6,950131,RWD ,4,SUV,Manual,Diesel,5
Mahindra,Xuv300,1.5 W8,1095129,RWD ,4,SUV,Manual,Diesel,5
Mahindra,Xuv300,1.5 W8 (O),1214130,RWD ,4,SUV,Manual,Diesel,5
Mahindra,Xuv300,1.5 W8 Amt,1149800,RWD ,4,SUV,Automatic,Diesel,5
Mahindra,Xuv300,1.5 W8 (O) Amt,1269131,RWD ,4,SUV,Automatic,Diesel,5
Mahindra,Xuv300,1.5 W6 Amt,999000,RWD ,4,SUV,AMT,Diesel,5
Renault,Lodgy,85 Ps Std,863299,FWD ,4,MUV,Manual,Diesel,8
Renault,Lodgy,85 Ps Rxe 8 Seater,964199,FWD ,4,MUV,Manual,Diesel,8
Renault,Lodgy,Stepway Rxz 110Ps 8-Seater,1211599,FWD ,4,MUV,Manual,Diesel,8
Renault,Lodgy,Stepway Rxz 110Ps 7-Seater,1211599,FWD ,4,MUV,Manual,Diesel,7
Renault,Lodgy,Stepway Rxl 85Ps 8-Seater,1053899,FWD ,4,MUV,Manual,Diesel,8
Renault,Lodgy,Stepway Rxz 85Ps 8-Seater,1130099,FWD ,4,MUV,Manual,Diesel,8
Renault,Lodgy,85 Ps Rxe 7 Seater,964199,FWD ,4,MUV,Manual,Diesel,7
Volkswagen,Vento,Trendline 1.6 (P),876500,FWD ,4,Sedan,Manual,Petrol,5
Volkswagen,Vento,Highline 1.6 (P),999900,FWD ,4,Sedan,Manual,Petrol,5
Volkswagen,Vento,Comfortline 1.6 (P),999900,FWD ,4,Sedan,Manual,Petrol,5
Volkswagen,Vento,Highline 1.2 (P) Dsg,1197500,FWD ,4,Sedan,Automatic,Petrol,5
Volkswagen,Vento,Highline Plus 1.2 (P) Dsg,1449500,FWD ,4,Sedan,Automatic,Petrol,5
Volkswagen,Vento,Trendline 1.5 (D),958500,FWD ,4,Sedan,Manual,Diesel,5
Volkswagen,Vento,Comfortline 1.5 (D),999900,FWD ,4,Sedan,Manual,Diesel,5
Volkswagen,Vento,Highline 1.5 (D),1210500,FWD ,4,Sedan,Manual,Diesel,5
Volkswagen,Vento,Highline 1.5 (D) Dsg,1336500,FWD ,4,Sedan,Automatic,Diesel,5
Volkswagen,Vento,Highline Plus 1.5 (D) Dsg,1317500,FWD ,4,Sedan,Automatic,Diesel,5
Volkswagen,Vento,Gt Line (D),1449500,FWD ,4,Hatchback,Manual,Diesel,5
Volkswagen,Vento,Gt Line (P) Dsg,1317500,FWD ,4,Hatchback,Automatic,Petrol,5
Mahindra,E2O Plus,P4,881425,RWD ,4,Hatchback,Automatic,Electric,4
Mahindra,E2O Plus,P6,957177,RWD ,4,Hatchback,Automatic,Electric,4
Tata,Tigor Ev,Xm+,960868,FWD ,0,Sedan,Automatic,Electric,5
Tata,Tigor Ev,Xt+,975868,FWD ,0,Sedan,Automatic,Electric,5
Tata,Tigor Ev,Xe+,944175,FWD ,0,Sedan,Automatic,Electric,5
Honda,Brv,E Petrol,952900,FWD ,4,SUV,Manual,Petrol,7
Honda,Brv,S Petrol,1052900,FWD ,4,SUV,Manual,Petrol,7
Honda,Brv,V Petrol,1167900,FWD ,4,SUV,Manual,Petrol,7
Honda,Brv,Vx Petrol,1271900,FWD ,4,SUV,Manual,Petrol,7
Honda,Brv,V Cvt Petrol,1285900,FWD ,4,SUV,Automatic,Petrol,7
Honda,Brv,S Diesel,1187900,FWD ,4,SUV,Manual,Diesel,7
Honda,Brv,V Diesel,1273900,FWD ,4,SUV,Manual,Diesel,7
Honda,Brv,Vx Diesel,1382900,FWD ,4,SUV,Manual,Diesel,7
Mahindra,Thar,Crde,959860,4WD,4,SUV,Manual,Diesel,6
Mahindra,Thar,700 Special Edition,999148,4WD,4,SUV,Manual,Diesel,6
Mahindra,Thar,Crde Abs,974860,4WD,4,SUV,Manual,Diesel,6
Force,Gurkha,Xpedition 5 Door,999000,RWD ,4,SUV,Manual,Diesel,7
Force,Gurkha,Xplorer 3 Door,1075000,4WD,4,SUV,Manual,Diesel,5
Force,Gurkha,Xtreme,1299000,AWD ,4,SUV,Manual,Diesel,5
Force,Gurkha,Xtreme Abs,1330000,AWD ,4,SUV,Manual,Diesel,5
Force,Gurkha,Xpedition 3 Door,975000,RWD ,4,SUV,Manual,Diesel,7
Force,Gurkha,Xplorer 5 Door,1225000,4WD,4,SUV,Manual,Diesel,5
MarutiSuzuki,Xl6,Zeta Mt,984689,FWD ,4,MPV,Manual,Petrol,6
MarutiSuzuki,Xl6,Alpha Mt,1041189,FWD ,4,MPV,Manual,Petrol,6
MarutiSuzuki,Xl6,Zeta At,1094689,FWD ,4,MPV,Automatic,Petrol,6
MarutiSuzuki,Xl6,Alpha At,1151189,FWD ,4,MPV,Automatic,Petrol,6
Fiat,Abarth Avventura,1.4 T-Jet,989219,FWD ,4,Crossover,Manual,Petrol,5
Mahindra,Tuv300 Plus,P4,992748,RWD ,3,SUV,Manual,Diesel,9
Mahindra,Tuv300 Plus,P6,1029650,RWD ,3,SUV,Manual,Diesel,9
Mahindra,Tuv300 Plus,P8,1142157,RWD ,3,SUV,Manual,Diesel,9
Mahindra,Marazzo,M2 7 Str,999900,FWD ,4,MPV,Manual,Diesel,7
Mahindra,Marazzo,M4 7 Str,1156471,FWD ,4,MPV,Manual,Diesel,7
Mahindra,Marazzo,M6 7 Str,1308592,FWD ,4,MPV,Manual,Diesel,7
Mahindra,Marazzo,M8 7 Str,1468440,FWD ,4,MPV,Manual,Diesel,7
Mahindra,Marazzo,M2 8 Str,999900,FWD ,4,MPV,Manual,Diesel,8
Mahindra,Marazzo,M4 8 Str,1164569,FWD ,4,MPV,Manual,Diesel,8
Mahindra,Marazzo,M6 8 Str,1316690,FWD ,4,MPV,Manual,Diesel,8
Mahindra,Marazzo,M8 8 Str,1476538,FWD ,4,MPV,Manual,Diesel,8
Mahindra,Scorpio,S3 2Wd,999994,FWD ,4,SUV,Manual,Diesel,9
Mahindra,Scorpio,4Wd Getaway,1236258,4WD,4,SUV,Manual,Diesel,5
Mahindra,Scorpio,2Wd Getaway,1123158,RWD ,4,SUV,Manual,Diesel,5
Mahindra,Scorpio,S5 2Wd,1220030,FWD ,4,SUV,Manual,Diesel,9
Mahindra,Scorpio,S7 120 2Wd,1330006,FWD ,4,SUV,Manual,Diesel,9
Mahindra,Scorpio,S7 140 2Wd,1360668,FWD ,4,SUV,Manual,Diesel,9
Mahindra,Scorpio,S11 2Wd,1540081,FWD ,4,SUV,Manual,Diesel,9
Mahindra,Scorpio,S11 4Wd,1663054,FWD ,4,SUV,Manual,Diesel,9
Mahindra,Scorpio,S9 2Wd,1423710,FWD ,4,SUV,Manual,Diesel,9
Skoda,Monte Carlo,Monte Carlo 1.5 Tdi At,1425599,FWD ,4,Sedan,Automatic,Diesel,5
Skoda,Monte Carlo,Monte Carlo 1.6 Mpi At,1269599,FWD ,4,Sedan,Automatic,Petrol,5
Skoda,Monte Carlo,Monte Carlo 1.5 Tdi Mt,1299599,FWD ,4,Sedan,Manual,Diesel,5
Skoda,Monte Carlo,Monte Carlo 1.6 Mpi Mt,1139599,FWD ,4,Sedan,Manual,Petrol,5
Mahindra,Xuv500,G At,1610180,FWD ,4,SUV,Automatic,Petrol,7
Mahindra,Xuv500,W7,1418313,FWD ,4,SUV,Manual,Diesel,7
Mahindra,Xuv500,W7 At,1539488,FWD ,4,SUV,Automatic,Diesel,7
Mahindra,Xuv500,W9,1588943,FWD ,4,SUV,Manual,Diesel,7
Mahindra,Xuv500,W9 At,1710118,FWD ,4,SUV,Automatic,Diesel,7
Mahindra,Xuv500,W11,1716319,FWD ,4,SUV,Manual,Diesel,7
Mahindra,Xuv500,W11 At,1837586,FWD ,4,SUV,Automatic,Diesel,7
Mahindra,Xuv500,W11 (O),1741319,FWD ,4,SUV,Manual,Diesel,7
Mahindra,Xuv500,W11 (O) At,1862586,FWD ,4,SUV,Automatic,Diesel,7
Mahindra,Xuv500,G At,1610180,FWD ,4,SUV,Automatic,Petrol,7
Mahindra,Xuv500,W7,1418313,FWD ,4,SUV,Manual,Diesel,7
Mahindra,Xuv500,W7 At,1539488,FWD ,4,SUV,Automatic,Diesel,7
Mahindra,Xuv500,W9,1588943,FWD ,4,SUV,Manual,Diesel,7
Mahindra,Xuv500,W9 At,1710118,FWD ,4,SUV,Automatic,Diesel,7
Mahindra,Xuv500,W11,1716319,FWD ,4,SUV,Manual,Diesel,7
Mahindra,Xuv500,W11 At,1837586,FWD ,4,SUV,Automatic,Diesel,7
Mahindra,Xuv500,W11 (O),1741319,FWD ,4,SUV,Manual,Diesel,7
Mahindra,Xuv500,W11 (O) At,1862586,FWD ,4,SUV,Automatic,Diesel,7
Mahindra,Xuv500,W11 (O) Awd,1852488,AWD ,4,SUV,Manual,Diesel,7
Mahindra,Xuv500,W11 (O) Awd At,1973664,AWD ,4,SUV,Automatic,Diesel,7
Mahindra,Xuv500,W3,1230924,FWD ,4,SUV,Manual,Diesel,7
Mahindra,E Verito,D4,1293214,FWD ,0,Sedan,Automatic,Electric,5
Mahindra,E Verito,D2,1267208,FWD ,0,Sedan,Automatic,Electric,5
Mahindra,E Verito,D6,1303241,FWD ,0,Sedan,Automatic,Electric,5
Tata,Hexa,Xm Plus 4X2,1639374,RWD ,4,SUV,Manual,Diesel,7
Tata,Hexa,Xt 4X4,1929417,RWD ,4,SUV,Manual,Diesel,6
Tata,Hexa,Xta 4X2,1912593,AWD ,4,SUV,Automatic,Diesel,6
Tata,Hexa,Xt 4X2,1796458,RWD ,4,SUV,Manual,Diesel,6
Tata,Hexa,Xe 4X2,1371864,RWD ,4,SUV,Manual,Diesel,7
Tata,Hexa,Xm 4X2,1531377,RWD ,4,SUV,Manual,Diesel,7
Tata,Hexa,Xma 4X2,1655587,RWD ,4,SUV,Automatic,Diesel,7
Toyota,Innova Crysta,2.4 Gx 7 Str,1605000,RWD ,4,MUV,Manual,Diesel,7
Toyota,Innova Crysta,2.4 Vx 7 Str,1927000,RWD ,4,MUV,Manual,Diesel,7
Toyota,Innova Crysta,2.4 Gx 8 Str,1610000,RWD ,4,MUV,Manual,Diesel,8
Toyota,Innova Crysta,2.4 Vx 8 Str,1932000,RWD ,4,MUV,Manual,Diesel,8
Toyota,Innova Crysta,2.4 Zx 7 Str,2113000,RWD ,4,MUV,Manual,Diesel,7
Toyota,Innova Crysta,2.7 Gx At 8 Str,1620000,RWD ,4,MUV,Automatic,Petrol,8
Toyota,Innova Crysta,2.7 Gx At 7 Str,1615000,RWD ,4,MUV,Automatic,Petrol,7
Toyota,Innova Crysta,2.7 Zx At 7 Str,2103000,RWD ,4,MUV,Automatic,Petrol,7
Toyota,Innova Crysta,2.7 Vx 7 Str,1807000,RWD ,4,MUV,Manual,Petrol,7
Toyota,Innova Crysta,2.7 Gx Mt 7 Str,1493000,RWD ,4,MUV,Manual,Petrol,7
Toyota,Innova Crysta,2.7 Gx Mt 8 Str,1498000,RWD ,4,MUV,Manual,Petrol,8
Toyota,Innova Crysta,Touring Sport 2.4 Vx 7 Str,2097000,RWD ,4,MUV,Manual,Diesel,7
Toyota,Innova Crysta,Touring Sport 2.7 Vx 7 Str,1892000,RWD ,4,MUV,Manual,Petrol,7
Toyota,Innova Crysta,Touring Sport 2.7 Zx At 7 Str,2171000,RWD ,4,MUV,Automatic,Petrol,7
Toyota,Innova Crysta,2.4 G Plus 7 Str,1592000,RWD ,4,MUV,Manual,Diesel,7
Toyota,Innova Crysta,2.4 G Plus 8 Str,1587000,RWD ,4,MUV,Manual,Diesel,8
Jeep,Compass,1.4 Limited At,1996000,FWD ,6,SUV,Automatic,Petrol,5
Jeep,Compass,1.4 Sport,1560000,FWD ,6,SUV,Manual,Petrol,5
Jeep,Compass,1.4 Limited (O) At,2055000,FWD ,6,SUV,Automatic,Petrol,5
Jeep,Compass,2.0 Sport,1661000,FWD ,6,SUV,Manual,Diesel,5
Jeep,Compass,2.0 Longitude,1803000,FWD ,6,SUV,Manual,Diesel,5
Jeep,Compass,2.0 Longitude (O),1888000,FWD ,6,SUV,Manual,Diesel,5
Jeep,Compass,2.0 Limited,1973000,FWD ,6,SUV,Manual,Diesel,5
Jeep,Compass,2.0 Limited (O),2022000,FWD ,6,SUV,Manual,Diesel,5
Jeep,Compass,2.0 Limited 4X4,2151000,AWD ,6,SUV,Manual,Diesel,5
Jeep,Compass,2.0 Limited (O) 4X4,2199000,AWD ,6,SUV,Manual,Diesel,5
Jeep,Compass,1.4 Limited Plus At Petrol,2167000,FWD ,6,SUV,Automatic,Petrol,5
Jeep,Compass,2.0 Limited Plus 4X2 Diesel,2133000,FWD ,6,SUV,Manual,Diesel,5
Jeep,Compass,2.0 Limited Plus 4X4 Diesel,2311000,AWD ,6,SUV,Manual,Diesel,5
Jeep,Compass,2.0 Sport Plus,1699000,FWD ,6,SUV,Manual,Diesel,5
Jeep,Compass,1.4 Sport Plus,1599000,FWD ,6,SUV,Manual,Petrol,5
Jeep,Compass,1.4 Longitude (O) At,1900000,FWD ,6,SUV,Automatic,Petrol,5
Jeep,Compass,1.4 Limited (O) At Petrol Black Pack,2070000,FWD ,6,SUV,Automatic,Petrol,5
Jeep,Compass,2.0 Limited (O) Black Pack,2036300,FWD ,6,SUV,Manual,Diesel,5
Jeep,Compass,2.0 Limited (O) 4X4 Black Pack,2214000,AWD ,6,SUV,Manual,Diesel,5
Jeep,Compass,2.0 Limited Plus 4X4 At,2499000,AWD ,6,SUV,Automatic,Diesel,5
Jeep,Compass,2.0 Longitude 4X4 At,2196000,AWD ,6,SUV,Automatic,Diesel,5
Toyota,Corolla Altis,G Petrol,1645000,FWD ,4,Sedan,Manual,Petrol,5
Toyota,Corolla Altis,G At Petrol,1806000,FWD ,4,Sedan,Automatic,Petrol,5
Toyota,Corolla Altis,Gl Petrol,1882000,FWD ,4,Sedan,Manual,Petrol,5
Toyota,Corolla Altis,Gl Diesel,1936000,FWD ,4,Sedan,Manual,Diesel,5
Toyota,Corolla Altis,G Diesel,1771000,FWD ,4,Sedan,Manual,Diesel,5
Toyota,Corolla Altis,Vl At Petrol,2019000,FWD ,4,Sedan,Automatic,Petrol,5
Honda,Civic,1.8 V Cvt,1793900,FWD ,4,Sedan,Automatic,Petrol,5
Honda,Civic,1.8 Vx Cvt,1944900,FWD ,4,Sedan,Automatic,Petrol,5
Honda,Civic,1.8 Zx Cvt,2124900,FWD ,4,Sedan,Automatic,Petrol,5
Honda,Civic,1.6 Vx Mt,2054900,FWD ,4,Sedan,Manual,Diesel,5
Honda,Civic,1.6 Zx Mt,2234900,FWD ,4,Sedan,Manual,Diesel,5
Mg,Zs Ev,Excite,2088000,RWD ,0,SUV,Automatic,Electric,5
Mg,Zs Ev,Exclusive,2358000,RWD ,0,SUV,Automatic,Electric,5
Kia,Carnival,Premium 7 Str,2495000,FWD ,4,MUV,Automatic,Diesel,7
Kia,Carnival,Premium 8 Str,2515000,FWD ,4,MUV,Automatic,Diesel,7
Kia,Carnival,Prestige 7 Str,2895000,FWD ,4,MUV,Automatic,Diesel,7
Kia,Carnival,Prestige 9 (6+3) Str,2995000,FWD ,4,MUV,Automatic,Diesel,7
Kia,Carnival,Limousine 7 Str,3395000,FWD ,4,MUV,Automatic,Diesel,7
Skoda,Superb,Style 1.8 Tsi Mt,2599599,FWD ,4,Sedan,Manual,Petrol,5
Skoda,Superb,Style 1.8 Tsi At,2779599,FWD ,4,Sedan,Automatic,Petrol,5
Skoda,Superb,L & K 1.8 Tsi At,3099599,FWD ,4,Sedan,Automatic,Petrol,5
Skoda,Superb,L & K 2.0 Tdi At,3349599,FWD ,4,Sedan,Automatic,Diesel,5
Skoda,Superb,Style 2.0 Tdi At,3029599,FWD ,4,Sedan,Automatic,Diesel,5
Skoda,Superb,Corporate Edition 1.8 Tsi At,2599599,FWD ,4,Sedan,Automatic,Petrol,5
Skoda,Superb,Corporate Edition 2.0 Tdi At,2849599,FWD ,4,Sedan,Automatic,Diesel,5
Volvo,V40,Kinetic,2769000,FWD ,5,Hatchback,Automatic,Diesel,5
Volvo,V40,R Design,3191000,FWD ,5,Hatchback,Automatic,Diesel,5
Toyota,Fortuner,2.8 4X2 At,3205000,RWD ,4,SUV,Automatic,Diesel,7
Toyota,Fortuner,2.8 4X2 Mt,3019000,RWD ,4,SUV,Manual,Diesel,7
Toyota,Fortuner,2.8 4X4 Mt,3216000,4WD,4,SUV,Manual,Diesel,7
Toyota,Fortuner,2.8 4X4 At,3395000,4WD,4,SUV,Automatic,Diesel,7
Toyota,Fortuner,2.7 4X2 At,2977000,RWD ,4,SUV,Automatic,Petrol,7
Toyota,Fortuner,2.7 4X2 Mt,2818000,RWD ,4,SUV,Manual,Petrol,7
Toyota,Fortuner,Trd Celebratory Edition,3420000,RWD ,4,SUV,Automatic,Diesel,7
Ford,Endeavour,3.2L 4X4 At Titanium Plus,3470000,AWD ,5,SUV,Automatic,Diesel,7
Ford,Endeavour,2.2L 4X2 At Titanium Plus,3233000,RWD ,4,SUV,Automatic,Diesel,7
Ford,Endeavour,2.2L 4X2 Mt Titanium,2920000,RWD ,4,SUV,Manual,Diesel,7
Skoda,Kodiaq Scout,2.0 Tdi At,3399000,4WD,4,SUV,Automatic,Diesel,7
Bmw,X1,Sdrive20D M Sport,4240000,RWD ,4,SUV,Automatic,Diesel,5
Volvo,S60,Polestar,5602000,FWD ,4,Sedan,Automatic,Petrol,5
Volvo,S60,Momentum,3850500,FWD ,5,Sedan,Automatic,Diesel,5
Bmw,3-Series,320D Sport,4140000,RWD ,4,Sedan,Automatic,Diesel,5
Bmw,3-Series,320D Luxury Line,4690000,RWD ,4,Sedan,Automatic,Diesel,5
Bmw,3-Series,330I M Sport,4790000,RWD ,4,Sedan,Automatic,Petrol,5
Audi,Q5,35 Tdi Premium Plus,5021200,FWD ,4,SUV,Automatic,Diesel,5
Audi,Q5,35 Tdi Technology,5621200,AWD ,4,SUV,Automatic,Diesel,5
Audi,Q5,45 Tfsi Premium Plus,5021200,AWD ,6,SUV,Automatic,Petrol,5
Audi,Q5,45 Tfsi Technology,5621200,AWD ,6,SUV,Automatic,Petrol,5
LandRover,Range Evoque,S,5494000,AWD ,4,SUV,Automatic,Diesel,5
LandRover,Range Evoque,Se R-Dynamic,5985000,AWD ,4,SUV,Automatic,Diesel,5
LandRover,Range Evoque,S Petrol,5494000,AWD ,4,SUV,Automatic,Petrol,5
LandRover,Range Evoque,Se R-Dynamic Petrol,5985000,AWD ,4,SUV,Automatic,Petrol,5
MercedesBenz,Mercedes-Benz E-Class,E200,5861062,RWD ,4,Sedan,Automatic,Petrol,5
MercedesBenz,Mercedes-Benz E-Class,E350 D,7285332,RWD ,6,Sedan,Automatic,Diesel,5
MercedesBenz,Mercedes-Benz E-Class,E220D,5964321,RWD ,6,Sedan,Automatic,Diesel,5
MercedesBenz,Mercedes-Benz E-Class,E 63 S Amg,15000000,AWD ,8,Sedan,Automatic,Petrol,4
MercedesBenz,Mercedes-Benz E-Class,E200 Expression,5750000,RWD ,4,Sedan,Automatic,Petrol,5
MercedesBenz,Mercedes-Benz E-Class,E200 Exclusive,6150000,RWD ,4,Sedan,Automatic,Petrol,5
MercedesBenz,Mercedes-Benz E-Class,E220D Expression,5850000,RWD ,6,Sedan,Automatic,Diesel,5
MercedesBenz,Mercedes-Benz E-Class,E220D Exclusive,6250000,RWD ,6,Sedan,Automatic,Diesel,5
Volvo,Xc60,Inscription D5,5990000,AWD ,5,SUV,Automatic,Diesel,5
Bmw,X4,Xdrive20D M Sport X,6060000,AWD ,4,SUV,Automatic,Diesel,5
Bmw,X4,Xdrive30D M Sport X,6590000,AWD ,6,SUV,Automatic,Diesel,5
Bmw,X4,Xdrive30I M Sport X,6350000,AWD ,6,SUV,Automatic,Petrol,5
Jeep,Wrangler,Unlimited,6394000,AWD ,4,SUV,Automatic,Petrol,5
MercedesBenz,Mercedes-Benz C-Class Cabriolet,C300,6426497,RWD ,4,Convertible,Automatic,Petrol,4
MercedesBenz,Mercedes-Benz V-Class,Expression Elwb,6840000,RWD ,4,MUV,Automatic,Diesel,7
MercedesBenz,Mercedes-Benz V-Class,Exclusive Lwb,8190000,RWD ,4,MUV,Automatic,Diesel,6
MercedesBenz,Mercedes-Benz V-Class,Elite,11000000,RWD ,4,MPV,Automatic,Diesel,6
Audi,Q7,45 Tdi Premium Plus,7221500,AWD ,6,SUV,Automatic,Diesel,7
Audi,Q7,45 Tdi Technology Pack,8021500,AWD ,6,SUV,Automatic,Diesel,7
Audi,Q7,40 Tfsi Quattro Premium Plus,6921500,AWD ,6,SUV,Automatic,Petrol,7
Audi,Q7,40 Tfsi Quattro Technology Pack,7621500,AWD ,6,SUV,Automatic,Petrol,7
Audi,Q7,45 Tdi Black Styling,8111500,AWD ,6,SUV,Automatic,Diesel,7
Audi,Q7,40 Tfsi Quattro Black Styling,7711500,AWD ,6,SUV,Automatic,Petrol,7
LandRover,Range Evoque Convertible,2.0 Hse Dynamic,6952964,4WD,4,Convertible,Automatic,Petrol,4
LandRover,Range Velar,2.0 Diesel R-Dynamic S,7246802,4WD,4,SUV,Automatic,Diesel,5
LandRover,Range Velar,2.0 Petrol R-Dynamic S,7246802,4WD,4,SUV,Automatic,Petrol,5
MercedesBenz,Mercedes-Benz E-Class All Terrain,E 220D,7500000,RWD ,6,SUV,Automatic,Diesel,5
Volvo,Xc90,D5 Inscription,8790000,AWD ,4,SUV,Automatic,Diesel,7
Volvo,Xc90,D5 Momentum,8090000,AWD ,4,SUV,Automatic,Diesel,7
Volvo,Xc90,T8 Excellence,13124000,AWD ,4,SUV,Automatic,Hybrid,4
Volvo,Xc90,T8 Inscription,9665000,AWD ,4,SUV,Automatic,Hybrid,7
Volvo,Xc90,D5 R-Design,8491500,AWD ,4,SUV,Automatic,Diesel,7
LandRover,Range Sport,5.0L V8 Svr Petrol,20517853,4WD,8,SUV,Automatic,Petrol,5
LandRover,Range Sport,2.0L S Petrol,8670586,4WD,8,SUV,Automatic,Petrol,7
LandRover,Range Sport,2.0L Se Petrol,9448181,4WD,8,SUV,Automatic,Petrol,7
LandRover,Range Sport,3.0L V6 Se Petrol,11476911,4WD,6,SUV,Automatic,Petrol,7
LandRover,Range Sport,2.0L Hse Petrol,15600000,4WD,8,SUV,Automatic,Petrol,7
LandRover,Range Sport,3.0L V6 Hse Petrol,13228725,4WD,6,SUV,Automatic,Petrol,7
LandRover,Range Sport,5.0L V8 Autobiography Dynamic Petrol,17940227,4WD,8,SUV,Automatic,Petrol,5
LandRover,Range Sport,3.0L Tdv6 S Diesel,10373732,FWD ,6,SUV,Automatic,Diesel,5
LandRover,Range Sport,3.0L Tdv6 Se Diesel,11913021,FWD ,6,SUV,Automatic,Diesel,5
LandRover,Range Sport,4.4L Sdv8 Hse Diesel,14908985,4WD,8,SUV,Automatic,Diesel,7
Jaguar,Xj,3.0L,9738609,AWD ,6,Sedan,Automatic,Diesel,5
Jaguar,Xj,3.0L Portfolio,10725145,AWD ,6,Sedan,Automatic,Diesel,5
Jaguar,Xj,50,11129599,AWD ,6,Sedan,Automatic,Diesel,5
Porsche,Cayenne,E-Hybrid,15806000,AWD ,6,SUV,Automatic,Hybrid,5
Porsche,Cayenne,Turbo,19210000,AWD ,6,SUV,Automatic,Petrol,5
Porsche,Cayenne,Base,11936000,AWD ,6,SUV,Automatic,Petrol,5
LandRover,Range,5.0L V8 Autobiography Petrol,26037526,4WD,8,SUV,Automatic,Petrol,7
LandRover,Range,5.0L V8 Svautobiography Dynamic Petrol,32522000,4WD,8,SUV,Automatic,Petrol,5
LandRover,Range,3.0L V6 Vogue Lwb Petrol,19527130,4WD,6,SUV,Automatic,Petrol,7
LandRover,Range,5.0L V8 Svautobiography Lwb Petrol,40499548,4WD,8,SUV,Automatic,Petrol,5
LandRover,Range,3.0L Tdv6 Vogue Diesel,18185267,4WD,6,SUV,Automatic,Diesel,5
LandRover,Range,3.0L Tdv6 Vogue Lwb Diesel,19527130,4WD,6,SUV,Automatic,Diesel,7
LandRover,Range,4.4L Sdv8 Autobiography Lwb Diesel,25174051,4WD,8,SUV,Automatic,Diesel,7
LandRover,Range,4.4L Sdv8 Svautobiography Lwb Diesel,39294685,4WD,8,SUV,Automatic,Diesel,4
LandRover,Range,4.4L Sdv8 Vogue Se Lwb Diesel,23675691,4WD,8,SUV,Automatic,Diesel,7
LandRover,Range,3.0L V6 Vogue Se Lwb Petrol,21398758,4WD,6,SUV,Automatic,Petrol,7
MercedesBenz,Mercedes-Benz Amg-Gt,S,21583466,AWD ,8,Coupe,Automatic,Petrol,2
MercedesBenz,Mercedes-Benz Amg-Gt,R,23264134,AWD ,8,Coupe,Automatic,Petrol,2
MercedesBenz,Mercedes-Benz Amg-Gt,Roadster,22733626,AWD ,8,Coupe,Automatic,Petrol,2
MercedesBenz,Mercedes-Benz Amg Gt 4-Door Coupe,63 S 4Matic+,24200000,AWD ,8,Coupe,Automatic,Petrol,4
Lamborghini,Huracan,Lp 610-4,37133704,AWD ,10,Coupe,Automatic,Petrol,2
Lamborghini,Huracan,Lp 580-2,32452486,RWD ,10,Coupe,Automatic,Petrol,2
Lamborghini,Huracan,Avio,35150732,AWD ,10,Coupe,Automatic,Petrol,2
Lamborghini,Huracan,Performante,37614126,AWD ,10,Coupe,Automatic,Petrol,2
Lamborghini,Huracan,Lp 580-2 Spyder,35535000,RWD ,10,Coupe,Automatic,Petrol,2
Lamborghini,Huracan,Lp 610-4 Spyder,40742932,AWD ,10,Coupe,Automatic,Petrol,2
Lamborghini,Huracan,Evo,37300000,AWD ,10,Coupe,Automatic,Petrol,2
Lamborghini,Huracan,Evo Spyder,41000000,AWD ,10,Convertible,Automatic,Petrol,2
Lamborghini,Huracan,Evo Rwd,32200000,RWD ,10,Coupe,Automatic,Petrol,2
Ferrari,488 Gtb,Std,36761413,AWD ,8,Coupe,Automatic,Petrol,2
Ferrari,488 Gtb,Spider,39319552,AWD ,8,Coupe,Automatic,Petrol,2
Ferrari,Gtc4 Lusso,V8 T,42000000,RWD ,8,Coupe,Automatic,Petrol,4
Ferrari,Gtc4 Lusso,V12,52000000,AWD ,8,Coupe,Automatic,Petrol,4
Lamborghini,Aventador,Lp 700-4,47893943,4WD,12,Convertible,Automatic,Petrol,2
Lamborghini,Aventador,Lp700-4 Roadster,53210327,4WD,12,Convertible,Automatic,Petrol,2
Lamborghini,Aventador,S,47467700,4WD,12,Coupe,Automatic,Petrol,2
RollsRoyce,Rolls-Royce Dawn,Convertible,59216193,RWD ,12,Convertible,Automatic,Petrol,4
RollsRoyce,Rolls-Royce Drophead Coupe,Phantom,83755383,RWD ,12,Convertible,Automatic,Petrol,4
MarutiSuzuki,Omni,5 Str Bs-Iv,282778,RWD ,3,MPV,Manual,Petrol,5
MarutiSuzuki,Omni,E 8 Str Bs-Iv,284485,RWD ,3,MPV,Manual,Petrol,8
Datsun,Go+,Datsun D,412292,FWD ,3,MPV,Manual,Petrol,7
Datsun,Go+,Datsun T,552656,FWD ,3,MPV,Manual,Petrol,7
Datsun,Go+,Datsun T (O),574448,FWD ,3,MPV,Manual,Petrol,7
Datsun,Go+,Datsun A (O),555196,FWD ,3,MPV,Manual,Petrol,7
Datsun,Go+,Datsun A,500575,FWD ,3,MPV,Manual,Petrol,7
Datsun,Go+,Datsun T Vdc,593361,FWD ,3,MPV,Manual,Petrol,7
Datsun,Go+,Datsun T (O) Vdc,615153,FWD ,3,MPV,Manual,Petrol,7
Datsun,Go+,Datsun T Cvt,658361,FWD ,3,MPV,Manual,Petrol,7
Datsun,Go+,Datsun T (O) Cvt,680153,FWD ,3,MPV,Manual,Petrol,7
Fiat,Punto Evo Pure,1.2L Fire Dynamic,482330,FWD ,4,Hatchback,Manual,Petrol,5
Fiat,Punto Evo Pure,1.3,575947,FWD ,4,Hatchback,Manual,Diesel,5
Ford,Figo,Ambiente 1.2 Ti-Vct,523000,FWD ,4,Hatchback,Manual,Petrol,5
Ford,Figo,Ambiente 1.5 Tdci,623000,FWD ,4,Hatchback,Manual,Diesel,5
Ford,Figo,Titanium 1.2 Ti-Vct,599900,FWD ,4,Hatchback,Manual,Petrol,5
Ford,Figo,Titanium1.5 Tdci,699900,FWD ,4,Hatchback,Manual,Diesel,5
Ford,Figo,Titanium Blu 1.2 Ti-Vct,664900,FWD ,4,Hatchback,Manual,Petrol,5
Ford,Figo,Titanium Blu 1.5 Tdci,764900,FWD ,4,Hatchback,Manual,Diesel,5
MarutiSuzuki,Baleno,1.3 Delta,746621,FWD ,4,Hatchback,Manual,Diesel,5
MarutiSuzuki,Baleno,1.3 Alpha,868221,FWD ,4,Hatchback,Manual,Diesel,5
MarutiSuzuki,Baleno,1.3 Sigma,668611,FWD ,4,Hatchback,Manual,Diesel,5
MarutiSuzuki,Baleno,1.3 Zeta,807921,FWD ,4,Hatchback,Manual,Diesel,5
MarutiSuzuki,Baleno,1.2 Alpha,758212,FWD ,4,Hatchback,Manual,Petrol,5
MarutiSuzuki,Baleno,1.2 Alpha Cvt,890212,FWD ,4,Hatchback,Automatic,Petrol,5
MarutiSuzuki,Baleno,1.2 Delta,636612,FWD ,4,Hatchback,Manual,Petrol,5
MarutiSuzuki,Baleno,1.2 Delta Cvt,768612,FWD ,4,Hatchback,Automatic,Petrol,5
MarutiSuzuki,Baleno,1.2 Sigma,558602,FWD ,4,Hatchback,Manual,Petrol,5
MarutiSuzuki,Baleno,1.2 Zeta,697912,FWD ,4,Hatchback,Manual,Petrol,5
MarutiSuzuki,Baleno,1.2 Delta Dualjet,733412,FWD ,4,Hatchback,Manual,Petrol,5
MarutiSuzuki,Baleno,1.2 Zeta Dualjet,789912,FWD ,4,Hatchback,Manual,Petrol,5
MarutiSuzuki,Baleno,1.2 Zeta Cvt,829912,FWD ,4,Hatchback,Automatic,Petrol,5
Hyundai,Grand I10,1.2 Kappa Vtvt Magna,586428,FWD ,4,Hatchback,Manual,Petrol,5
Hyundai,Grand I10,1.2 Kappa Vtvt Sportz,620637,FWD ,4,Hatchback,Manual,Petrol,5
Hyundai,Grand I10,1.2 Kappa Vtvt Magna At,652328,FWD ,4,Hatchback,Automatic,Petrol,5
Hyundai,Grand I10,1.2 Kappa Vtvt Sportz At,705538,FWD ,4,Hatchback,Automatic,Petrol,5
Hyundai,Grand I10,1.2 Kappa Vtvt Sportz Dual Tone,640537,FWD ,4,Hatchback,Manual,Petrol,5
Hyundai,Grand I10,1.2 Kappa Vtvt Magna Cng,653452,FWD ,4,Hatchback,Manual,CNG,5
Fiat,Linea Classic,1.3 Multijet,751203,FWD ,4,Sedan,Manual,Diesel,5
Fiat,Linea Classic,1.4,646336,FWD ,4,Sedan,Manual,Petrol,5
Fiat,Linea Classic,Plus 1.3 Multijet,808558,FWD ,4,Sedan,Manual,Diesel,5
Nissan,Sunny,Xe Petrol,707025,FWD ,4,Sedan,Manual,Petrol,5
Nissan,Sunny,Xl Petrol,836461,FWD ,4,Sedan,Manual,Petrol,5
Nissan,Sunny,Xl Diesel,912534,FWD ,4,Sedan,Manual,Diesel,5
Nissan,Sunny,Xv Diesel,993997,FWD ,4,Sedan,Manual,Diesel,5
Nissan,Sunny,Xe Diesel,860997,FWD ,4,Sedan,Manual,Diesel,5
Nissan,Sunny,Xv Cvt,993997,FWD ,4,Sedan,Automatic,Petrol,5
Nissan,Sunny,Special Edition Diesel,877285,FWD ,4,Sedan,Manual,Diesel,5
MarutiSuzuki,Ertiga,Lxi,759000,FWD ,4,MPV,Manual,Petrol,7
MarutiSuzuki,Ertiga,Zxi,917000,FWD ,4,MPV,Manual,Petrol,7
MarutiSuzuki,Ertiga,Vxi At,936000,FWD ,4,MUV,Automatic,Petrol,7
MarutiSuzuki,Ertiga,Zxi Plus,971000,FWD ,4,MUV,Manual,Petrol,7
MarutiSuzuki,Ertiga,Vxi,834000,FWD ,4,MUV,Manual,Petrol,7
MarutiSuzuki,Ertiga,Zxi At,1013000,FWD ,4,MPV,Automatic,Petrol,7
MarutiSuzuki,Ertiga,1.5L Vdi,986689,FWD ,4,MPV,Manual,Diesel,7
MarutiSuzuki,Ertiga,1.5L Zdi,1069689,FWD ,4,MPV,Manual,Diesel,7
MarutiSuzuki,Ertiga,1.5L Zdi Plus,1120689,FWD ,4,MPV,Manual,Diesel,7
MarutiSuzuki,Ertiga,Vxi Cng (Cng +,887689,FWD ,4,MUV,Manual,CNG_Petrol,7
MarutiSuzuki,Baleno Rs,Rs 1.0,788913,FWD ,3,Hatchback,Manual,Petrol,5
Honda,Wr-V,Vx Diesel,1035000,FWD ,4,SUV,Manual,Diesel,5
Honda,Wr-V,Vx Petrol,925000,FWD ,4,SUV,Manual,Petrol,5
Honda,Wr-V,S Diesel,925000,FWD ,4,SUV,Manual,Diesel,5
Honda,Wr-V,S Petrol,815000,FWD ,4,SUV,Manual,Petrol,5
Honda,Wr-V,Edge Plus Edition Diesel,916050,FWD ,4,SUV,Manual,Diesel,5
Honda,Wr-V,Edge Plus Edition Petrol,808050,FWD ,4,SUV,Manual,Petrol,5
Honda,Wr-V,Exclusive Edition Diesel,1048050,FWD ,4,SUV,Manual,Diesel,5
Honda,Wr-V,Exclusive Edition Petrol,935050,FWD ,4,SUV,Manual,Petrol,5
Honda,Wr-V,V Diesel,995000,FWD ,4,SUV,Manual,Diesel,5
Mahindra,Tuv300,T4 Plus,854328,RWD ,3,SUV,Manual,Diesel,7
Mahindra,Tuv300,T6 Plus,914328,RWD ,3,SUV,Manual,Diesel,7
Mahindra,Tuv300,T8,976592,RWD ,3,SUV,Manual,Diesel,7
Mahindra,Tuv300,T10,999614,RWD ,3,SUV,Manual,Diesel,7
Mahindra,Tuv300,T10 (O),1031943,RWD ,3,SUV,Manual,Diesel,7
Mahindra,Tuv300,T10 Dual Tone,1022930,RWD ,3,SUV,Manual,Diesel,7
Mahindra,Tuv300,T10 (O) Dual Tone,1055259,RWD ,3,SUV,Manual,Diesel,7
MarutiSuzuki,S-Cross,1.3L Sigma,880689,FWD ,4,Crossover,Manual,Diesel,5
MarutiSuzuki,S-Cross,1.3L Delta,992689,FWD ,4,Crossover,Manual,Diesel,5
MarutiSuzuki,S-Cross,1.3L Zeta,1043689,FWD ,4,Crossover,Manual,Diesel,5
MarutiSuzuki,S-Cross,1.3L Alpha,1143689,FWD ,4,Crossover,Manual,Diesel,5
Renault,Captur,Rxe Petrol,949999,FWD ,4,SUV,Manual,Petrol,5
Renault,Captur,Rxe Diesel,1049999,FWD ,4,SUV,Manual,Diesel,5
Renault,Captur,Platine Diesel Dual Tone,1299999,FWD ,4,SUV,Manual,Diesel,5
Renault,Captur,Platine Petrol Dual Tone,1199999,FWD ,4,SUV,Manual,Petrol,5
Mahindra,Xylo,D2 Bs-Iv,963037,FWD ,4,SUV,Manual,Diesel,7
Mahindra,Xylo,D4 Bs-Iv,1004487,FWD ,4,SUV,Manual,Diesel,7
Mahindra,Xylo,H4 Bs-Iv,1031951,FWD ,4,SUV,Manual,Diesel,7
Mahindra,Xylo,H4 Abs Bs-Iv,1066139,FWD ,4,SUV,Manual,Diesel,7
Mahindra,Xylo,H8 Abs Airbags Bs-Iv,1228335,FWD ,4,SUV,Manual,Diesel,8
Kia,Seltos,Hte 1.5,989000,FWD ,4,SUV,Manual,Petrol,5
Kia,Seltos,Htk 1.5,1029000,FWD ,4,SUV,Manual,Petrol,5
Kia,Seltos,Htk Plus 1.5,1149000,FWD ,4,SUV,Manual,Petrol,5
Kia,Seltos,Htx 1.5,1309000,FWD ,4,SUV,Manual,Petrol,5
Kia,Seltos,Htx Cvt 1.5,1409000,FWD ,4,SUV,Automatic,Petrol,5
Kia,Seltos,Hte 1.5 Diesel,1034000,FWD ,4,SUV,Manual,Diesel,5
Kia,Seltos,Htk 1.5 Diesel,1154000,FWD ,4,SUV,Manual,Diesel,5
Kia,Seltos,Htk Plus 1.5 Diesel,1254000,FWD ,4,SUV,Manual,Diesel,5
Kia,Seltos,Htk Plus At 1.5 Diesel,1354000,FWD ,4,SUV,Automatic,Diesel,5
Kia,Seltos,Htx Plus 1.5 Diesel,1534000,FWD ,4,SUV,Manual,Diesel,5
Kia,Seltos,Htx Plus At 1.5 Diesel,1634000,FWD ,4,SUV,Automatic,Diesel,5
Kia,Seltos,Gtk 1.4,1379000,FWD ,4,SUV,Manual,Petrol,5
Kia,Seltos,Gtx 1.4,1529000,FWD ,4,SUV,Manual,Petrol,5
Kia,Seltos,Gtx At 1.4,1629000,FWD ,4,SUV,DCT,Petrol,5
Kia,Seltos,Gtx Plus 1.4,1629000,FWD ,4,SUV,Manual,Petrol,5
Kia,Seltos,Htx 1.5 Diesel,1414000,FWD ,4,SUV,Manual,Diesel,5
Nissan,Terrano,Xe D 85Ps,999900,FWD ,4,SUV,Manual,Diesel,5
Nissan,Terrano,Xv D Premium 110 Ps Amt,1464900,FWD ,4,SUV,Automatic,Diesel,5
Nissan,Terrano,Xl (P),999900,FWD ,4,SUV,Manual,Petrol,5
Nissan,Terrano,Xl D(O),1235700,FWD ,4,SUV,Manual,Diesel,5
Nissan,Terrano,Xv D Premium 110 Ps,1419900,FWD ,4,SUV,Manual,Diesel,5
Nissan,Terrano,Sport Edition,1235700,FWD ,4,SUV,Manual,Diesel,5
Tata,Safari Storme,2.2 Lx 4X2,1109005,FWD ,4,SUV,Manual,Diesel,7
Tata,Safari Storme,2.2 Ex 4X2,1335158,FWD ,4,SUV,Manual,Diesel,7
Tata,Safari Storme,2.2 Vx 4X2 Varicor 400,1479574,RWD ,4,SUV,Manual,Diesel,7
Tata,Safari Storme,2.2 Vx 4X4 Varicor 400,1643829,AWD ,4,SUV,Manual,Diesel,7
Mg,Hector,1.5L Style,1248000,FWD ,4,SUV,Manual,Petrol,5
Mg,Hector,2.0L Style,1348000,FWD ,4,SUV,Manual,Diesel,5
Mg,Hector,2.0L Super,1448000,FWD ,4,SUV,Manual,Diesel,5
Mg,Hector,2.0L Smart,1588000,FWD ,4,SUV,Manual,Diesel,5
Mg,Hector,2.0L Sharp,1728000,FWD ,4,SUV,Manual,Diesel,5
Mg,Hector,1.5L Super,1328000,FWD ,4,SUV,Manual,Petrol,5
Mg,Hector,1.5L Super Hybrid,1388000,FWD ,4,SUV,Manual,Hybrid,5
Mg,Hector,1.5L Sharp Hybrid,1628000,FWD ,4,SUV,Manual,Hybrid,5
Mg,Hector,1.5L Smart Hybrid,1498000,FWD ,4,SUV,Manual,Hybrid,5
Mg,Hector,1.5L Smart Dct,1568000,FWD ,4,SUV,DCT,Petrol,5
Mg,Hector,1.5L Sharp Dct,1718000,FWD ,4,SUV,DCT,Petrol,5
Tata,Nexon Ev,Xm,1399000,FWD ,0,SUV,Automatic,Electric,5
Tata,Nexon Ev,Xz Plus,1499000,FWD ,0,SUV,Automatic,Electric,5
Tata,Nexon Ev,Xz Plus Lux,1599000,FWD ,0,SUV,Automatic,Electric,5
Hyundai,Elantra,S,1589000,FWD ,4,Sedan,Manual,Petrol,5
Hyundai,Elantra,Sx,1849000,FWD ,4,Sedan,Manual,Petrol,5
Hyundai,Elantra,Sx At,1949000,FWD ,4,Sedan,AMT,Petrol,5
Hyundai,Elantra,Sx(O) At,2039000,FWD ,4,Sedan,AMT,Petrol,5
Hyundai,Tucson,2Wd Mt Diesel,2079717,4WD,4,SUV,Manual,Diesel,5
Hyundai,Tucson,2Wd Mt Petrol,1876656,FWD ,4,SUV,Manual,Petrol,5
Hyundai,Tucson,2Wd At Gl Diesel,2364354,FWD ,4,SUV,Automatic,Diesel,5
Hyundai,Tucson,2Wd At Gl Petrol,2187384,FWD ,4,SUV,Automatic,Petrol,5
Hyundai,Tucson,4Wd At Gls Diesel,2697417,4WD,4,SUV,Automatic,Diesel,5
Hyundai,Tucson,2Wd At Gls Petrol,2373522,FWD ,4,SUV,Automatic,Petrol,5
Hyundai,Tucson,2Wd At Gl(O) Petrol,2246749,FWD ,4,SUV,Automatic,Petrol,5
Hyundai,Tucson,2Wd At Gl(O) Diesel,2423720,FWD ,4,SUV,Automatic,Diesel,5
Volkswagen,Passat,2.0 Tdi Comfortline,3021500,FWD ,4,Sedan,Automatic,Diesel,5
Volkswagen,Passat,2.0 Tdi Highline,3321500,FWD ,4,Sedan,Automatic,Diesel,5
Volkswagen,Passat,2.0 Tdi Comfortline Connect,2599000,FWD ,4,Sedan,Automatic,Diesel,5
Volkswagen,Passat,2.0 Tdi Highline Connect,2899000,FWD ,4,Sedan,Automatic,Diesel,5
MercedesBenz,Mercedes-Benz A-Class,180,2785288,FWD ,4,Hatchback,Automatic,Petrol,5
MercedesBenz,Mercedes-Benz A-Class,200D,2886871,FWD ,4,Hatchback,Automatic,Diesel,5
Volvo,V40 Cross Country,D3,3283000,FWD ,5,Hatchback,Automatic,Diesel,5
Volvo,V40 Cross Country,T4,2962000,FWD ,4,Hatchback,Automatic,Petrol,5
MercedesBenz,Mercedes-Benz C-Class,C 220D Prime,4020000,RWD ,4,Sedan,Automatic,Diesel,5
MercedesBenz,Mercedes-Benz C-Class,C 220D Progressive,4670000,RWD ,4,Sedan,Automatic,Diesel,5
MercedesBenz,Mercedes-Benz C-Class,C 300D Amg Line,4974750,RWD ,4,Sedan,Automatic,Diesel,5
MercedesBenz,Mercedes-Benz C-Class,C 43 Amg,7500000,RWD ,8,Coupe,Automatic,Petrol,5
MercedesBenz,Mercedes-Benz C-Class,C 200 Prime,4090000,RWD ,4,Sedan,Automatic,Petrol,5
MercedesBenz,Mercedes-Benz C-Class,C 200 Progressive,4654000,RWD ,4,Sedan,Automatic,Petrol,5
Toyota,Prius,Z8,4509000,FWD ,4,Sedan,Automatic,Hybrid,5
Lexus,Es,300H,5695000,FWD ,4,Sedan,Automatic,Hybrid,5
Lexus,Nx 300H,F-Sport,6060000,AWD ,6,SUV,Automatic,Petrol,5
Lexus,Nx 300H,Luxury,5990000,AWD ,6,SUV,Automatic,Petrol,5
Jaguar,F-Pace,Prestige,6463780,AWD ,4,SUV,Automatic,Diesel,5
Jaguar,F-Pace,Prestige Petrol,6422809,AWD ,4,SUV,Automatic,Petrol,5
Volvo,V90 Cross Country,D5 Inscription,6531000,AWD ,4,SUV,Automatic,Diesel,5
Audi,A5 Cabriolet,2.0 Tdi,6948200,FWD ,4,Convertible,Automatic,Diesel,4
MercedesBenz,Mercedes-Benz Gle,300D 4Matic,7370000,AWD ,4,SUV,Automatic,Diesel,5
MercedesBenz,Mercedes-Benz Gle,400D 4Matic Hip Hop Edition,12500000,AWD ,6,SUV,Automatic,Diesel,5
MercedesBenz,Mercedes-Benz Cls,300D,8470000,RWD ,4,Sedan,Automatic,Diesel,5
Bmw,X7,Xdrive 40I,10490000,AWD ,6,SUV,Automatic,Petrol,7
Bmw,X7,Xdrive30D Dpe Signature,10250000,AWD ,6,SUV,Automatic,Diesel,7
Bmw,M4,Coupe,13590000,RWD ,6,Coupe,Automatic,Petrol,4
Porsche,911,Carrera S,17420000,AWD ,6,Coupe,Automatic,Petrol,4
Porsche,911,Carrera S Cabriolet,18844000,AWD ,6,Convertible,Automatic,Petrol,4
Nissan,Gtr,3.8 V6,21240272,AWD ,6,Coupe,Automatic,Petrol,4
Ferrari,812 Superfast,Superfast,52000000,AWD ,12,Coupe,Automatic,Petrol,2
MarutiSuzuki,Alto 800 Tour,H1,354235,FWD ,3,Hatchback,Manual,Petrol,5
MarutiSuzuki,Alto 800 Tour,H1 (O),356559,FWD ,3,Hatchback,Manual,Petrol,5
Hyundai,Grand I10 Nios,Magna 1.2 Crdi,675090,FWD ,3,Hatchback,Manual,Diesel,5
Hyundai,Grand I10 Nios,Era 1.2 Vtvt,504990,FWD ,4,Hatchback,Manual,Petrol,5
Hyundai,Grand I10 Nios,Magna 1.2 Vtvt,589610,FWD ,4,Hatchback,Manual,Petrol,5
Hyundai,Grand I10 Nios,Magna Amt 1.2 Vtvt,642610,FWD ,4,Hatchback,Automatic,Petrol,5
Hyundai,Grand I10 Nios,Sportz 1.2 Vtvt,643350,FWD ,4,Hatchback,Manual,Petrol,5
Hyundai,Grand I10 Nios,Sportz Amt 1.2 Vtvt,703350,FWD ,4,Hatchback,Automatic,Petrol,5
Hyundai,Grand I10 Nios,Sportz Dual Tone 1.2 Vtvt,673350,FWD ,4,Hatchback,Manual,Petrol,5
Hyundai,Grand I10 Nios,Asta 1.2 Vtvt,718950,FWD ,4,Hatchback,Manual,Petrol,5
Hyundai,Grand I10 Nios,Sportz Amt 1.2 Crdi,790350,FWD ,3,Hatchback,Automatic,Diesel,5
Hyundai,Grand I10 Nios,Asta 1.2 Crdi,804450,FWD ,3,Hatchback,Manual,Diesel,5
Hyundai,Xcent,S 1.2,643769,FWD ,4,Sedan,Manual,Petrol,5
Hyundai,Xcent,S At 1.2,733734,FWD ,4,Sedan,Automatic,Petrol,5
Hyundai,Xcent,Sx 1.2,705546,FWD ,4,Sedan,Manual,Petrol,5
Hyundai,Xcent,Sx 1.2 (O),782346,FWD ,4,Sedan,Manual,Petrol,5
Hyundai,Xcent,S 1.2 Crdi,742033,FWD ,3,Sedan,Manual,Diesel,5
Hyundai,Xcent,E,581078,FWD ,4,Sedan,Manual,Petrol,5
Hyundai,Xcent,Sx 1.2 Crdi,798558,FWD ,3,Sedan,Manual,Diesel,5
Hyundai,Xcent,Sx 1.2 Crdi (O),875358,FWD ,3,Sedan,Manual,Diesel,5
Hyundai,Xcent,E Crdi,673261,FWD ,4,Sedan,Manual,Diesel,5
Nissan,Micra,Xl (O) Cvt,662880,FWD ,3,Hatchback,Automatic,Petrol,5
Nissan,Micra,Xv Cvt,781686,FWD ,3,Hatchback,Automatic,Petrol,5
Nissan,Micra,Xld (O),743504,FWD ,4,Hatchback,Manual,Diesel,5
Nissan,Micra,Xvd,812964,FWD ,4,Hatchback,Manual,Diesel,5
Mahindra,Bolero,Zlx,942263,FWD ,4,SUV,Manual,Diesel,7
Mahindra,Bolero,Slx,917055,FWD ,4,SUV,Manual,Diesel,7
Mahindra,Bolero,Sle,860720,FWD ,4,SUV,Manual,Diesel,7
Mahindra,Bolero,Ex,815883,FWD ,4,SUV,Manual,Diesel,7
Mahindra,Bolero,Ex Non Ac,773678,FWD ,4,SUV,Manual,Diesel,7
MarutiSuzuki,Ciaz,1.3L Alpha Smart Hybrid,1102689,FWD ,4,Sedan,Manual,Diesel,5
MarutiSuzuki,Ciaz,1.3L Sigma Smart Hybrid,919689,FWD ,4,Sedan,Manual,Diesel,5
MarutiSuzuki,Ciaz,1.3L Delta Smart Hybrid,980689,FWD ,4,Sedan,Manual,Diesel,5
MarutiSuzuki,Ciaz,1.3L Zeta Smart Hybrid,1062689,FWD ,4,Sedan,Manual,Diesel,5
MarutiSuzuki,Ciaz,1.5L Sigma Smart Hybrid,819689,FWD ,4,Sedan,Manual,Petrol,5
MarutiSuzuki,Ciaz,1.5L Delta Smart Hybrid,881689,FWD ,4,Sedan,Manual,Petrol,5
MarutiSuzuki,Ciaz,1.5L Zeta Smart Hybrid,958689,FWD ,4,Sedan,Manual,Petrol,5
MarutiSuzuki,Ciaz,1.5L Alpha Smart Hybrid,997689,FWD ,4,Sedan,Manual,Petrol,5
MarutiSuzuki,Ciaz,1.5L Delta At Smart Hybrid,980689,FWD ,4,Sedan,Automatic,Petrol,5
MarutiSuzuki,Ciaz,1.5L Zeta At Smart Hybrid,1058688,FWD ,4,Sedan,Automatic,Petrol,5
MarutiSuzuki,Ciaz,1.5L Alpha At Smart Hybrid,1098689,FWD ,4,Sedan,Automatic,Petrol,5
MarutiSuzuki,Ciaz,1.5L Alpha,1138189,FWD ,4,Sedan,Manual,Diesel,5
MarutiSuzuki,Ciaz,1.5L Delta,997689,FWD ,4,Sedan,Manual,Diesel,5
MarutiSuzuki,Ciaz,1.5L Zeta,1109189,FWD ,4,Sedan,Manual,Diesel,5
Skoda,Rapid,1.6 Mpi Ambition,998599,FWD ,4,Sedan,Manual,Petrol,5
Skoda,Rapid,1.5 Tdi Cr Active,1006139,FWD ,4,Sedan,Manual,Diesel,5
Skoda,Rapid,1.6 Mpi Active,881916,FWD ,4,Sedan,Manual,Petrol,5
Skoda,Rapid,1.5 Tdi Cr Ambition,1129599,FWD ,4,Sedan,Manual,Diesel,5
Skoda,Rapid,1.5 Tdi Cr Ambition At,1249599,FWD ,4,Sedan,Automatic,Diesel,5
Skoda,Rapid,1.6 Mpi Style At,1243599,FWD ,4,Sedan,Automatic,Petrol,5
Skoda,Rapid,1.5 Tdi Cr Style At,1399599,FWD ,4,Sedan,Automatic,Diesel,5
Skoda,Rapid,1.5 Tdi Cr Style,1273599,FWD ,4,Sedan,Manual,Diesel,5
Skoda,Rapid,1.6 Mpi Style,1115599,FWD ,4,Sedan,Manual,Petrol,5
Skoda,Rapid,1.6 Mpi Ambition At,999599,FWD ,4,Sedan,Automatic,Petrol,5
Skoda,Rapid,Onyx Mt Petrol,975599,FWD ,4,Sedan,Manual,Petrol,5
Skoda,Rapid,Onyx At Petrol,1099599,FWD ,4,Sedan,Automatic,Petrol,5
Skoda,Rapid,Onyx Mt Diesel,1158599,FWD ,4,Sedan,Manual,Diesel,5
Skoda,Rapid,Onyx At Diesel,1273599,FWD ,4,Sedan,Automatic,Diesel,5
Fiat,Abarth Punto,1.4 T-Jet,980970,FWD ,4,Hatchback,Manual,Petrol,5
Hyundai,Creta,1.4 Crdi E Plus,999990,FWD ,4,SUV,Manual,Diesel,5
Hyundai,Creta,1.6 Vtvt E Plus,999990,FWD ,4,SUV,Manual,Petrol,5
Hyundai,Creta,1.6 Vtvt Sx,1232534,FWD ,4,SUV,Manual,Petrol,5
Hyundai,Creta,1.6 Vtvt Sx (O),1394437,FWD ,4,SUV,Manual,Petrol,5
Hyundai,Creta,1.6 Vtvt Sx At,1377363,FWD ,4,SUV,Automatic,Petrol,5
Hyundai,Creta,1.6 Vtvt Sx Dual Tone,1287041,FWD ,4,SUV,Automatic,Petrol,5
Hyundai,Creta,1.4 Crdi S,1197919,FWD ,4,SUV,Manual,Diesel,5
Hyundai,Creta,1.6 Crdi Sx,1366797,FWD ,4,SUV,Manual,Diesel,5
Hyundai,Creta,1.6 Crdi Sx (O),1543564,FWD ,4,SUV,Manual,Diesel,5
Hyundai,Creta,1.6 Crdi Sx At,1527395,FWD ,4,SUV,Automatic,Diesel,5
Hyundai,Creta,1.6 Crdi Sx Dual Tone,1421208,FWD ,4,SUV,Manual,Diesel,5
Hyundai,Creta,1.6 Crdi S At,1336033,FWD ,4,SUV,Automatic,Diesel,5
Hyundai,Creta,1.6 Vtvt Sx (O) Executive,1422937,FWD ,4,SUV,Manual,Petrol,5
Hyundai,Creta,1.6 Crdi Sx (O) Executive,1572064,FWD ,4,SUV,Manual,Diesel,5
Hyundai,Creta,1.4 Crdi Ex,1107167,FWD ,4,SUV,Manual,Diesel,5
Hyundai,Creta,1.6 Vtvt Ex,1092192,FWD ,4,SUV,Manual,Petrol,5
Hyundai,Creta,Sports Edition Petrol,1279983,FWD ,4,SUV,Manual,Petrol,5
Hyundai,Creta,Sports Edition Diesel,1414247,FWD ,4,SUV,Manual,Diesel,5
Tata,Harrier,Revotorq Xe,1345363,FWD ,3,SUV,Manual,Diesel,5
Tata,Harrier,Revotorq Xm,1471368,FWD ,3,SUV,Manual,Diesel,5
Tata,Harrier,Revotorq Xt,1591368,FWD ,3,Hatchback,Manual,Diesel,5
Tata,Harrier,Revotorq Xz,1721368,FWD ,3,Hatchback,Manual,Diesel,5
Tata,Harrier,Revotorq Xz Dual Tone,1732231,FWD ,3,Hatchback,Manual,Diesel,5
Tata,Harrier,Revotorq Dark Edition,1730755,FWD ,3,Hatchback,Manual,Diesel,5
Mitsubishi,Outlander,2.4L Outlander,2693000,AWD ,4,SUV,Automatic,Petrol,7
MercedesBenz,Mercedes-Benz Gla-Class,200 Sport,3438000,4WD,4,SUV,Automatic,Petrol,5
MercedesBenz,Mercedes-Benz Gla-Class,200 D Style,3233000,4WD,4,SUV,Automatic,Diesel,5
MercedesBenz,Mercedes-Benz Gla-Class,200 D Sport,3564000,4WD,4,SUV,Automatic,Diesel,5
MercedesBenz,Mercedes-Benz Gla-Class,45 Amg 4Matic,7784944,4WD,4,SUV,Automatic,Petrol,5
MercedesBenz,Mercedes-Benz Gla-Class,220 D 4Matic,3864000,4WD,4,SUV,Automatic,Diesel,5
MercedesBenz,Mercedes-Benz Gla-Class,45 Aero Edition,8067000,4WD,4,SUV,Automatic,Petrol,5
Honda,Accord Hybrid,2.0 At,4321237,FWD ,4,Sedan,Automatic,Hybrid,5
Bmw,5-Series,520D Luxury Line,5930000,RWD ,4,Sedan,Automatic,Diesel,5
Bmw,5-Series,530D M Sport,6680000,RWD ,6,Sedan,Automatic,Diesel,5
Bmw,5-Series,530I M Sport,5980000,RWD ,6,Sedan,Automatic,Petrol,5
Bmw,6-Series,630D Gt Luxury Line,6890000,AWD ,6,Sedan,Automatic,Diesel,4
Bmw,6-Series,630D Gt M Sport,7450000,AWD ,6,Sedan,Automatic,Diesel,4
Bmw,6-Series,630I Gt Luxury Line,6440000,RWD ,8,Coupe,Automatic,Petrol,4
Bmw,6-Series,620D Gt Luxury Line,6440000,RWD ,4,Sedan,Automatic,Diesel,4
Porsche,Macan,S,8503000,AWD ,6,SUV,Automatic,Petrol,5
Porsche,Macan,Base,6998000,AWD ,6,SUV,Automatic,Petrol,5
Jaguar,F-Type,5.0 Convertible R,23659454,AWD ,8,Convertible,Automatic,Petrol,2
Jaguar,F-Type,5.0 Coupe R,22155390,RWD ,6,Coupe,Automatic,Petrol,2
Jaguar,F-Type,Svr Coupe,26501830,AWD ,8,Coupe,Automatic,Petrol,2
Jaguar,F-Type,Svr Convertible,28004965,AWD ,8,Convertible,Automatic,Petrol,2
Jaguar,F-Type,2.0L Coupe,9092578,RWD ,6,Coupe,Automatic,Petrol,2
Jaguar,F-Type,2.0L Convertible,10144987,RWD ,6,Convertible,Automatic,Petrol,2
Jaguar,F-Type,2.0 Convertible R Dynamic,10419200,RWD ,8,Convertible,Automatic,Petrol,2
Jaguar,F-Type,2.0 Coupe R Dynamic,9366433,RWD ,4,Coupe,Automatic,Petrol,2
Bmw,M5,Competition,15490000,AWD ,8,Sedan,Automatic,Petrol,4
Lexus,Lx 570,V8,23290000,FWD ,8,SUV,Automatic,Diesel,7
MarutiSuzuki,Wagon,Vxi,479000,FWD ,3,Hatchback,Manual,Petrol,5
MarutiSuzuki,Wagon,Vxi Ags,526000,FWD ,3,Hatchback,Automatic,Petrol,5
MarutiSuzuki,Wagon,1.2L Zxi,548000,FWD ,3,Hatchback,Manual,Petrol,5
MarutiSuzuki,Wagon,Lxi,434000,FWD ,3,Hatchback,Manual,Petrol,5
MarutiSuzuki,Wagon,1.2L Vxi,513501,FWD ,3,Hatchback,Manual,Petrol,5
MarutiSuzuki,Wagon,1.2L Vxi Ags,560500,FWD ,3,Hatchback,Automatic,Petrol,5
MarutiSuzuki,Wagon,1.2L Zxi Ags,594800,FWD ,3,Hatchback,Automatic,Petrol,5
MarutiSuzuki,Wagon,Lxi (O),441000,FWD ,3,Hatchback,Manual,Petrol,5
MarutiSuzuki,Wagon,Vxi (O),486001,FWD ,3,Hatchback,Manual,Petrol,5
MarutiSuzuki,Wagon,1.2L Vxi (O),520500,FWD ,3,Hatchback,Manual,Petrol,5
MarutiSuzuki,Wagon,1.2L Vxi Ags (O),567500,FWD ,3,Hatchback,Automatic,Petrol,5
MarutiSuzuki,Wagon,Vxi Ags (O),533000,FWD ,3,Hatchback,Automatic,Petrol,5
MarutiSuzuki,Wagon,Lxi Cng,500500,FWD ,3,Hatchback,Manual,CNG,5
MarutiSuzuki,Wagon,Lxi (O) Cng,507500,FWD ,3,Hatchback,Manual,CNG,5
Tata,Tiago Nrg,1.2L Revotron,594993,FWD ,3,Crossover,Manual,Petrol,5
Tata,Tiago Nrg,1.05L Revotorq,689993,FWD ,3,Crossover,Manual,Diesel,5
Tata,Tiago Nrg,1.2L Revotron Amt,639993,FWD ,3,Crossover,AMT,Petrol,5
Mahindra,Nuvosport,N4,797802,FWD ,3,SUV,Manual,Diesel,7
Mahindra,Nuvosport,N6,905642,FWD ,3,SUV,Manual,Diesel,7
Mahindra,Nuvosport,N8,984818,FWD ,3,SUV,Manual,Diesel,7
Mahindra,Nuvosport,N4 +,832415,FWD ,3,SUV,Manual,Diesel,7
Mahindra,Nuvosport,N6 Amt,972359,FWD ,3,SUV,Automatic,Diesel,7
Mahindra,Nuvosport,N8 Amt,1048603,FWD ,3,SUV,Automatic,Diesel,7
Nissan,Kicks,Xl Petrol,955000,RWD ,4,SUV,Manual,Petrol,5
Nissan,Kicks,Xv Petrol,1095000,RWD ,4,SUV,Manual,Petrol,5
Nissan,Kicks,Xl Diesel,1109000,RWD ,4,SUV,Manual,Diesel,5
Nissan,Kicks,Xv Diesel,1251000,RWD ,4,SUV,Manual,Diesel,5
Nissan,Kicks,Xv Premium,1369000,RWD ,4,SUV,Manual,Diesel,5
Nissan,Kicks,Xv Premium (O),1465000,RWD ,4,SUV,Manual,Diesel,5
Nissan,Kicks,Xv Premium (O) Dual Tone,1465000,RWD ,4,SUV,Manual,Diesel,5
Nissan,Kicks,Xe Diesel,989000,RWD ,4,SUV,Manual,Diesel,5
Tata,Winger,15S,1205000,FWD ,4,MUV,Manual,Diesel,16
Hyundai,Kona Electric,Premium,2371858,FWD ,0,SUV,Automatic,Electric,4
Toyota,Camry,Hybrid,3788000,FWD ,4,Sedan,Automatic,Hybrid,5
Audi,A5,Sportback,6061200,FWD ,4,Sedan,Automatic,Diesel,5
LandRover,Discovery,3.0 Hse Diesel,10205494,4WD,6,SUV,Automatic,Diesel,7
LandRover,Discovery,3.0 Se Diesel,9689321,4WD,6,SUV,Automatic,Diesel,7
LandRover,Discovery,3.0 Hse Petrol,8433741,4WD,6,SUV,Automatic,Petrol,7
LandRover,Discovery,3.0 Se Petrol,8077550,4WD,6,SUV,Automatic,Petrol,7
LandRover,Discovery,3.0 S Diesel,8877094,4WD,6,SUV,Automatic,Diesel,7
LandRover,Discovery,3.0 S Petrol,7693664,4WD,6,SUV,Automatic,Petrol,7
LandRover,Discovery,3.0 Hse Luxury Diesel,10861088,4WD,6,SUV,Automatic,Diesel,7
LandRover,Discovery,3.0 Hse Luxury Petrol,8937846,4WD,6,SUV,Automatic,Petrol,7
Lexus,Ls 500H,Luxury,18221000,AWD ,6,SUV,Automatic,Hybrid,5
Lexus,Ls 500H,Ultra Luxury,18736000,AWD ,6,SUV,Automatic,Hybrid,5
Lexus,Ls 500H,Distinct,19371000,AWD ,6,SUV,Automatic,Hybrid,5
RollsRoyce,Rolls-Royce Phantom,Sedan,95000000,RWD ,12,Sedan,Automatic,Petrol,5
RollsRoyce,Rolls-Royce Phantom,Ewb,75400000,RWD ,12,Sedan,Automatic,Petrol,5
Fiat,Punto Evo,Dynamic 1.2,535562,FWD ,4,Hatchback,Manual,Petrol,5
Fiat,Punto Evo,Active Multijet 1.3,631292,FWD ,4,Hatchback,Manual,Diesel,5
Fiat,Punto Evo,Dynamic Multijet 1.3,692655,FWD ,4,Hatchback,Manual,Diesel,5
Fiat,Punto Evo,Emotion Multijet 1.3,747774,FWD ,4,Hatchback,Manual,Diesel,5
Toyota,Yaris,J,940000,FWD ,4,Sedan,Manual,Petrol,5
Toyota,Yaris,G,1055000,FWD ,4,Sedan,Manual,Petrol,5
Toyota,Yaris,V,1174000,FWD ,4,Sedan,Manual,Petrol,5
Toyota,Yaris,Vx Cvt,1418000,FWD ,4,Sedan,Automatic,Petrol,5
Toyota,Yaris,G Cvt,1175000,FWD ,4,Sedan,Automatic,Petrol,5
Toyota,Yaris,J Cvt,1010000,FWD ,4,Sedan,Automatic,Petrol,5
Toyota,Yaris,V Cvt,1294000,FWD ,4,Sedan,Automatic,Petrol,5
Toyota,Yaris,Vx,1296000,FWD ,4,Sedan,Manual,Petrol,5
Toyota,Yaris,V (O),1197000,FWD ,4,Sedan,Manual,Petrol,5
Toyota,Yaris,J (O),876000,FWD ,4,Sedan,Manual,Petrol,5
Toyota,Yaris,G (O),974000,FWD ,4,Sedan,Manual,Petrol,5
Toyota,Yaris,J (O) Cvt,935000,FWD ,4,Sedan,Automatic,Petrol,5
Toyota,Yaris,G (O) Cvt,1083000,FWD ,4,Sedan,Automatic,Petrol,5
Toyota,Yaris,V (O) Cvt,1317000,FWD ,4,Sedan,Automatic,Petrol,5
Skoda,Octavia,Ambition 1.4 Tsi,1599599,FWD ,4,Sedan,Manual,Petrol,5
Skoda,Octavia,Ambition 2.0 Tdi Cr,1799599,FWD ,4,Sedan,Manual,Diesel,5
Skoda,Octavia,Style 1.4 Tsi,1899599,FWD ,4,Sedan,Manual,Petrol,5
Skoda,Octavia,Style 1.8 Tsi At,2059599,FWD ,4,Sedan,Automatic,Petrol,5
Skoda,Octavia,Style 2.0 Tdi Cr,2079599,FWD ,4,Sedan,Manual,Diesel,5
Skoda,Octavia,Style 2.0 Tdi Cr At,2299599,FWD ,4,Sedan,Automatic,Diesel,5
Skoda,Octavia,L & K 1.8 Tsi At,2359599,FWD ,4,Sedan,Automatic,Petrol,5
Skoda,Octavia,L & K 2.0 Tdi Cr At,2359599,FWD ,4,Sedan,Automatic,Diesel,5
Skoda,Octavia,Corporate Edition 1.4 Tsi,1549000,FWD ,4,Sedan,Manual,Petrol,5
Skoda,Octavia,Corporate Edition 2.0 Tdi,1699000,FWD ,4,Sedan,Manual,Diesel,5
Skoda,Octavia,Onyx 1.8 Tsi Dsg,1999599,FWD ,4,Sedan,Automatic,Petrol,5
Skoda,Octavia,Onyx 2.0 Tdi Dsg,2199599,FWD ,4,Sedan,Automatic,Diesel,5
MercedesBenz,Mercedes-Benz Glc,200 Progressive,5275000,RWD ,4,SUV,Automatic,Petrol,5
MercedesBenz,Mercedes-Benz Glc,220D 4Matic Progressive,5775000,AWD ,4,SUV,Automatic,Diesel,5
Porsche,Cayenne Coupe,Base,13151000,AWD ,6,Coupe,Automatic,Petrol,6
Porsche,Cayenne Coupe,Turbo,19763000,AWD ,8,Coupe,Automatic,Petrol,4
Mahindra,Verito,1.5 D2,748370,FWD ,4,Sedan,Manual,Diesel,5
Mahindra,Verito,1.5 D4 Bs-Iv,772617,FWD ,4,Sedan,Manual,Diesel,5
Mahindra,Verito,1.5 D6 Bs-Iv,845154,FWD ,4,Sedan,Manual,Diesel,5
Mitsubishi,Pajero Sport,2.5 Mt,2903750,RWD ,4,SUV,Manual,Diesel,7
Mitsubishi,Pajero Sport,2.5 At,2835500,RWD ,4,SUV,Automatic,Diesel,7
Mitsubishi,Pajero Sport,Limited Edition,2953240,4WD,4,SUV,Manual,Diesel,7
Mitsubishi,Pajero Sport,Select Plus Mt,2992800,RWD ,4,SUV,Manual,Diesel,7
Mitsubishi,Pajero Sport,Select Plus At,2952500,RWD ,4,SUV,Automatic,Diesel,7
Bentley,Flying Spur,V8,34167064,AWD ,8,Sedan,Automatic,Petrol,4
Bentley,Flying Spur,W12,39382083,AWD ,12,Sedan,Automatic,Petrol,4
Honda,City,Sv Mt Petrol,991000,FWD ,4,Sedan,Manual,Petrol,5
Honda,City,V Mt Petrol,1065900,FWD ,4,Sedan,Manual,Petrol,5
Honda,City,Vx Mt Petrol,1182000,FWD ,4,Sedan,Manual,Petrol,5
Honda,City,Vx Cvt Petrol,1312000,FWD ,4,Sedan,Automatic,Petrol,5
Honda,City,Sv Mt Diesel,1111000,FWD ,4,Sedan,Manual,Diesel,5
Honda,City,V Mt Diesel,1191000,FWD ,4,Sedan,Manual,Diesel,5
Honda,City,Vx Mt Diesel,1302000,FWD ,4,Sedan,Manual,Diesel,5
Honda,City,Zx Mt Diesel,1421000,FWD ,4,Sedan,Manual,Diesel,5
Honda,City,Zx Cvt Petrol,1431000,FWD ,4,Sedan,Automatic,Petrol,5
Honda,City,V Cvt Petrol,1201000,FWD ,4,Sedan,Automatic,Petrol,5
Mitsubishi,Montero,3.2 At,6862560,AWD ,4,SUV,Automatic,Diesel,7
